 0 , 0 , 0 , 0 , 0 , 0 , 0 , 0 , 0 , 0 , 0 , 0 , 0 , 0 , 0 , 0 , 0 , 0 , 0 , 0 , 0 , 0.143 , 0.663 , 0.256 , 0.155 , 0.199 , 0.125 , 0.165 , 0.14 , 0.148 , 0.154 , 0.137 , 0.493 , 0.354 , 0.228 , 0.195 , 0.527 , 0.886 , 0.198 , 0.243 , 0.193 , 0.342 , 0.27 , 0.325 , 0.269 , 0.29 , 0.263 , 0.269 
 0.976 , 0.834 , 0.577 , 0.63 , 0.679 , 0.321 , 0.28 , 0.202 , 0.187 , 0.187 , 0.145 , 0.164 , 0.104 , 0.336 , 0.171 , 0.165 , 0.216 , 0.25 , 0.255 , 0.164 , 0.174 , 0.544 , 0.346 , 3.3789999 , 3.148 , 3.277 , 2.5680001 , 2.1459999 , 2.6289999 , 2.418 , 2.4170001 , 1.8099999 , 0.252 , 0.401 , 0.33 , 0.578 , 0.684 , 0.101 , 0.04 , 0.182 , 0.158 , 0.215 , 0.296 , 0.23 , 0.239 , 0.078 , 0.041 , 0.095 
 0 , 0 , 0 , 0 , 0.182 , 0 , 0 , 0 , 0 , 0.166 , 0.028 , 0 , 0 , 0 , 0 , 0.163 , 0 , 0 , 0 , 0 , 0.085 , 0.101 , 0 , 0 , 0 , 0 , 0.167 , 0 , 0 , 0 , 0 , 0.122 , 0.051 , 0 , 0 , 0 , 0 , 0.167 , 0 , 0 , 0 , 0 , 0.195 , 0 , 0 , 0 , 0 , 0 
 0.096 , 0.101 , 0.179 , 0.058 , 0.06 , 0.085 , 0.05 , 0.077 , 0.111 , 0.081 , 0.076 , 0.056 , 0.046 , 0.113 , 0.111 , 0.122 , 0.139 , 0.114 , 0.117 , 0.096 , 0.043 , 0.079 , 0.043 , 0.048 , 0.061 , 0.014 , 0.031 , 0.039 , 0.02 , 0.042 , 0.023 , 0.016 , 0.065 , 0.038 , 0.038 , 0.072 , 0.037 , 0.042 , 0.067 , 0.051 , 0.093 , 0.103 , 0.078 , 0.1 , 0.277 , 0.047 , 0.076 , 0.341 
 0.195 , 0.154 , 0.118 , 0.124 , 0.086 , 0.082 , 0.114 , 0.087 , 0.068 , 0.076 , 0.083 , 1.206 , 0.756 , 0.147 , 0.125 , 0.192 , 0.207 , 0.259 , 0.217 , 0.265 , 0.137 , 0.063 , 0.096 , 0.097 , 0.083 , 0.082 , 0.062 , 0.073 , 0.072 , 0.065 , 0.052 , 0.035 , 0.038 , 0.078 , 0.083 , 0.1 , 0.076 , 0.087 , 0.265 , 0.095 , 0.539 , 0.218 , 0.139 , 0.597 , 0.453 , 0.326 , 0.395 , 0.537 
 0.256 , 0.862 , 0.768 , 0.54 , 0.457 , 0.573 , 0.372 , 0.366 , 0.408 , 0.305 , 0.308 , 0.265 , 0.298 , 0.259 , 0.208 , 0.316 , 0.312 , 0.243 , 0.273 , 0.289 , 0.274 , 0.307 , 0.367 , 0.315 , 0.301 , 0.285 , 0.321 , 0.314 , 0.255 , 0.171 , 0.16 , 0.169 , 0.182 , 0.156 , 0.18 , 0.166 , 0.158 , 0.167 , 0.193 , 0.167 , 0.179 , 0.165 , 0.155 , 0.161 , 0.177 , 0.15 , 0.188 , 0.181 
 0.119 , 0.168 , 0.293 , 0.747 , 0.186 , 0.427 , 0.147 , 0.166 , 0.166 , 0.228 , 0.184 , 0.185 , 0.263 , 0.23 , 0.173 , 0.217 , 0.252 , 0.193 , 0.243 , 0.241 , 0.258 , 0.248 , 0.218 , 0.245 , 0.194 , 0.141 , 0.075 , 0.093 , 0.055 , 0.033 , 0.109 , 0.032 , 0.049 , 0.108 , 0.04 , 0.049 , 0.081 , 0.065 , 0.046 , 0.102 , 0.062 , 0.035 , 0.086 , 0.211 , 0.447 , 0.132 , 0.078 , 0.115 
 0.918 , 0.973 , 0.515 , 0.281 , 0.28 , 0.294 , 0.262 , 0.265 , 0.29 , 0.444 , 2.033 , 0.81 , 1.0549999 , 0.654 , 1.298 , 0.492 , 0.521 , 0.453 , 0.39 , 0.368 , 0.519 , 0.214 , 0.217 , 0.254 , 0.379 , 0.201 , 0.181 , 0.227 , 0.231 , 0.179 , 0.141 , 0.195 , 0.202 , 0.196 , 0.172 , 0.434 , 0.446 , 0.358 , 0.387 , 1.125 , 0.35 , 1.271 , 0.798 , 0.427 , 1.615 , 0.407 , 0.311 , 1.143 
 0.38 , 0.246 , 0.429 , 0.405 , 0.5 , 0.675 , 0.564 , 1.1720001 , 0.339 , 0.361 , 0.339 , 0.33 , 1.076 , 1.017 , 0.952 , 1.25 , 1.3940001 , 0.896 , 0.686 , 1.2130001 , 0.984 , 0.623 , 1.414 , 0.955 , 1.582 , 0.757 , 0.148 , 0.135 , 0.108 , 0.142 , 0.122 , 0.168 , 0.161 , 0.111 , 0.209 , 0.341 , 0.262 , 0.451 , 0.297 , 0.373 , 0.361 , 0.451 , 0.342 , 0.377 , 0.645 , 0.362 , 0.411 , 0.445 
 0.337 , 0.157 , 0.13 , 0.055 , 0.03 , 0.106 , 0.056 , 0.062 , 0.058 , 0.017 , 0.035 , 0.125 , 0.225 , 0.106 , 0.102 , 0.06 , 0.3 , 0.03 , 0.064 , 0.058 , 0.042 , 0.024 , 0.417 , 0.339 , 0.133 , 0.052 , 0.027 , 0 , 0 , 0.028 , 0.056 , 0.052 , 0.019 , 0 , 0 , 0.034 , 0.138 , 0.251 , 0.013 , 0 , 0 , 0.038 , 0.053 , 0.05 , 0.008 , 0 , 0 , 0.039 
 0.095 , 0.146 , 0.06 , 0.093 , 0.118 , 0.086 , 0.069 , 0.095 , 0.098 , 0.057 , 0.119 , 0.17 , 0.121 , 0.063 , 0.091 , 0.11 , 0.116 , 0.097 , 0.118 , 0.127 , 0.088 , 0.073 , 0.112 , 0.103 , 0.105 , 0.153 , 0.144 , 0.125 , 0.148 , 0.152 , 0.146 , 0.189 , 0.143 , 0.127 , 0.113 , 0.076 , 0.109 , 0.12 , 0.096 , 0.113 , 0.148 , 0.113 , 0.066 , 0.092 , 0.108 , 0.065 , 0.04 , 0.108 
 0.105 , 0.134 , 0.141 , 0.13 , 0.149 , 0.131 , 0.133 , 0.148 , 0.128 , 0.128 , 0.151 , 0.257 , 0.135 , 0.139 , 0.199 , 0.148 , 0.126 , 0.146 , 0.129 , 0.112 , 0.056 , 0.022 , 0.023 , 0.042 , 0.023 , 0.032 , 0.035 , 0.021 , 0.043 , 0.034 , 0.022 , 0.037 , 0.028 , 0.022 , 0.046 , 0.07 , 0.059 , 0.086 , 0.218 , 0.154 , 0.194 , 0.174 , 0.115 , 0.165 , 0.482 , 0.173 , 0.318 , 0.36 
 0.303 , 0.2 , 0.218 , 0.209 , 0.21 , 0.238 , 0.439 , 0.983 , 0.352 , 0.279 , 0.355 , 0.279 , 0.196 , 0.177 , 0.319 , 0.462 , 0.398 , 0.279 , 0.371 , 0.444 , 0.315 , 0.332 , 0.344 , 0.393 , 0.256 , 0.337 , 0.434 , 0.556 , 0.362 , 0.294 , 0.134 , 0.119 , 0.125 , 0.127 , 0.123 , 0.121 , 0.121 , 0.121 , 0.121 , 0.121 , 0.12 , 0.123 , 0.122 , 0.153 , 0.158 , 0.24 , 0.318 , 0.325 
 0.201 , 0.19 , 0.165 , 0.159 , 0.241 , 0.874 , 0.547 , 0.194 , 0.184 , 0.177 , 0.148 , 0.166 , 0.198 , 0.119 , 0.167 , 0.186 , 0.134 , 0.153 , 0.144 , 0.063 , 0.021 , 0.08 , 0.069 , 0.027 , 0.054 , 0.069 , 0.057 , 0.026 , 0.059 , 0.09 , 0.018 , 0.047 , 0.059 , 0.089 , 0.067 , 0.071 , 0.665 , 0.131 , 0.156 , 0.142 , 0.161 , 0.188 , 0.268 , 0.363 , 0.161 , 0.122 , 0.129 , 0.212 
 0.275 , 0.231 , 0.204 , 0.194 , 0.317 , 0.163 , 0.111 , 0.295 , 0.189 , 0.093 , 0.095 , 0.076 , 0.097 , 0.2 , 0.132 , 0.204 , 0.241 , 0.377 , 0.62 , 0.271 , 0.253 , 0.203 , 0.228 , 0.229 , 0.258 , 0.272 , 0.193 , 0.075 , 0.057 , 0.062 , 0.071 , 0.051 , 0.067 , 0.058 , 0.058 , 0.075 , 0.057 , 0.049 , 0.073 , 0.055 , 0.06 , 0.075 , 0.053 , 0.081 , 0.244 , 0.155 , 0.164 , 0.255 
 0.491 , 0.346 , 0.473 , 0.456 , 0.432 , 0.498 , 0.453 , 0.419 , 0.479 , 0.412 , 0.484 , 0.42 , 0.527 , 0.671 , 0.541 , 0.46 , 0.494 , 0.865 , 0.984 , 0.944 , 1.109 , 0.976 , 0.859 , 0.984 , 0.941 , 0.899 , 0.891 , 0.853 , 0.883 , 0.912 , 1.1210001 , 0.739 , 0.503 , 0.963 , 0.43 , 0.417 , 0.454 , 0.407 , 0.399 , 0.364 , 0.415 , 0.507 , 0.538 , 1.027 , 0.869 , 0.616 , 0.401 , 0.387 
 0.255 , 0.278 , 0.268 , 0.185 , 0.186 , 0.232 , 0.25 , 0.176 , 0.289 , 0.189 , 0.188 , 0.179 , 0.178 , 0.317 , 0.252 , 0.271 , 0.267 , 0.421 , 0.287 , 0.304 , 0.318 , 0.339 , 0.27 , 0.399 , 0.416 , 0.356 , 0.387 , 0.306 , 0.316 , 0.307 , 0.32 , 0.284 , 0.141 , 0.124 , 0.125 , 0.13 , 0.129 , 0.13 , 0.118 , 0.128 , 0.127 , 0.124 , 0.115 , 0.126 , 0.161 , 0.157 , 0.168 , 0.296 
 0.54 , 0.863 , 0.475 , 0.495 , 0.341 , 0.625 , 0.505 , 0.371 , 0.299 , 0.098 , 0.109 , 0.129 , 0.206 , 0.359 , 0.367 , 0.653 , 0.593 , 0.554 , 0.715 , 0.557 , 0.363 , 0.319 , 0.378 , 0.501 , 0.522 , 0.407 , 0.314 , 0.312 , 0.312 , 0.349 , 0.206 , 0.063 , 0.045 , 0.046 , 0.05 , 0.107 , 0.093 , 0.045 , 0.049 , 0.045 , 0.1 , 0.162 , 0.15 , 0.524 , 0.504 , 0.467 , 0.442 , 0.165 
 0.599 , 0.655 , 0.502 , 0.537 , 0.645 , 1.035 , 1.665 , 1.452 , 1.4069999 , 1.304 , 0.264 , 0.083 , 0.052 , 0.25 , 0.057 , 0.075 , 0.08 , 0.465 , 0.726 , 0.598 , 1.517 , 1.082 , 1.108 , 1.048 , 1.411 , 1.299 , 0.22 , 1.2359999 , 1.587 , 0.28 , 0.076 , 0.132 , 0.076 , 0.056 , 0.308 , 0.175 , 0.035 , 0.071 , 0.071 , 0.403 , 0.074 , 0.036 , 0.174 , 0.059 , 0.042 , 0.072 , 0.039 , 0.179 
 0.171 , 0.057 , 0.057 , 0.072 , 0 , 0 , 0.025 , 0 , 0 , 0.027 , 0 , 0 , 0.027 , 0.807 , 1.78 , 0.092 , 0.055 , 0.055 , 0.083 , 0.055 , 0.016 , 0.03 , 0 , 0 , 0.029 , 0 , 0 , 0.029 , 0.001 , 0 , 0.025 , 0.005 , 0 , 0.02 , 0.01 , 0 , 0.031 , 0.016 , 0 , 0.013 , 0.018 , 0 , 0.013 , 0.019 , 0 , 0.021 , 0.643 , 0.069 
 0.611 , 0.746 , 0.684 , 0.315 , 0.287 , 0.196 , 0.143 , 0.186 , 0.182 , 0.176 , 0.219 , 0.504 , 0.465 , 0.46 , 0.463 , 0.276 , 0.236 , 0.297 , 0.741 , 1.2029999 , 1.276 , 0.643 , 0.581 , 0.546 , 0.78 , 0.492 , 0.319 , 0.177 , 0.199 , 0.175 , 0.148 , 0.157 , 0.214 , 0.145 , 0.146 , 0.186 , 0.192 , 0.144 , 0.143 , 0.203 , 0.183 , 0.437 , 0.759 , 0.728 , 0.776 , 0.795 , 0.513 , 0.316 
 0.185 , 0.155 , 0.147 , 0.164 , 0.187 , 0.118 , 0.114 , 0.135 , 0.138 , 0.107 , 0.127 , 0.119 , 0.122 , 0.133 , 0.128 , 0.103 , 0.148 , 0.408 , 0.203 , 0.173 , 0.209 , 0.188 , 0.111 , 0.147 , 0.228 , 0.221 , 0.175 , 0.222 , 0.159 , 0.141 , 0.13 , 0.136 , 0.11 , 0.122 , 0.164 , 0.113 , 0.105 , 0.128 , 0.296 , 0.208 , 0.421 , 0.281 , 0.459 , 0.193 , 0.145 , 0.166 , 0.159 , 0.16 
 0.127 , 0.109 , 0.08 , 0.075 , 0.086 , 0.069 , 0.07 , 0.053 , 0.07 , 0.112 , 0.128 , 0.131 , 0.159 , 0.131 , 0.19 , 0.174 , 0.133 , 0.12 , 0.146 , 0.217 , 0.193 , 0.143 , 0.187 , 0.109 , 0.059 , 0.063 , 0.07 , 0.07 , 0.12 , 0.099 , 0.078 , 0.075 , 0.065 , 0.061 , 0.078 , 0.126 , 0.102 , 0.079 , 0.068 , 0.081 , 0.074 , 0.054 , 0.126 , 0.151 , 0.126 , 0.099 , 0.083 , 0.089 
 0.07 , 0.025 , 0.011 , 0.014 , 0.032 , 0.061 , 0.059 , 0.419 , 1.166 , 0.639 , 0.057 , 0.038 , 0.018 , 0.013 , 0.031 , 0.063 , 0.06 , 0.058 , 0.059 , 0.057 , 0.046 , 0.014 , 0.013 , 0.021 , 0.065 , 0.06 , 0.06 , 0.058 , 0.058 , 0.057 , 0.033 , 0.013 , 0.014 , 0.035 , 0.062 , 0.06 , 0.091 , 0.106 , 0.061 , 0.064 , 0.223 , 0.035 , 0.018 , 0.474 , 0.049 , 0.062 , 0.059 , 0.059 
 0.398 , 0.578 , 0.049 , 0.081 , 0.094 , 0.048 , 0.101 , 0.137 , 0.175 , 0.114 , 0.088 , 0.062 , 0.118 , 0.227 , 0.192 , 0.23 , 0.222 , 0.183 , 0.231 , 0.243 , 0.244 , 0.237 , 0.156 , 0.129 , 0.165 , 0.062 , 0.046 , 0.123 , 0.047 , 0.056 , 0.114 , 0.045 , 0.067 , 0.108 , 0.046 , 0.066 , 0.101 , 0.046 , 0.071 , 0.095 , 0.082 , 0.189 , 0.3 , 0.185 , 0.681 , 0.173 , 0.046 , 0.093 
 0.462 , 0.645 , 0.037 , 0.048 , 0.021 , 0.692 , 0.533 , 0.083 , 0.073 , 0.086 , 0.128 , 0.077 , 0.076 , 0.053 , 0.071 , 0.094 , 0.053 , 0.053 , 0.101 , 0.066 , 0.015 , 0.031 , 0.029 , 0.01 , 2.5050001 , 1.643 , 1.401 , 1.133 , 1.3200001 , 1.369 , 1.25 , 1.3049999 , 0.112 , 0.019 , 0.51 , 0.012 , 0.164 , 0.029 , 0.01 , 0.035 , 0.426 , 0.059 , 0.073 , 0.027 , 0.056 , 0.743 , 1.03 , 0.854 
 0.175 , 0.123 , 0.063 , 0.042 , 0.057 , 0.113 , 0.084 , 0.047 , 0.038 , 0.092 , 0.096 , 0.067 , 0.085 , 0.169 , 0.189 , 0.19 , 0.151 , 0.194 , 0.222 , 0.261 , 0.306 , 0.148 , 0.147 , 0.211 , 0.186 , 0.139 , 0.099 , 0.098 , 0.094 , 0.069 , 0.032 , 0.082 , 0.096 , 0.09 , 0.028 , 0.06 , 0.075 , 0.11 , 0.047 , 0.043 , 0.062 , 0.111 , 0.188 , 0.124 , 0.147 , 0.198 , 0.197 , 0.133 
 0.297 , 0.2 , 0.148 , 0.116 , 0.109 , 0.123 , 0.091 , 0.039 , 0.033 , 0.049 , 0.238 , 0.215 , 0.133 , 0.156 , 0.171 , 0.175 , 0.218 , 0.155 , 0.169 , 0.165 , 0.172 , 0.225 , 0.211 , 0.197 , 0.54 , 1.2920001 , 1.2920001 , 1.334 , 1.299 , 1.283 , 1.274 , 1.2869999 , 1.314 , 1.053 , 0.049 , 0.354 , 0.339 , 0.048 , 0.064 , 0.092 , 0.05 , 0.039 , 0.062 , 0.116 , 0.158 , 0.132 , 0.103 , 0.12 
 0.438 , 1.646 , 1.494 , 1.154 , 0.585 , 1.341 , 1.048 , 1.02 , 1.438 , 1.056 , 0.776 , 0.8 , 0.64 , 0.57 , 0.474 , 0.473 , 0.388 , 0.478 , 0.568 , 0.336 , 0.255 , 0.205 , 0.189 , 0.203 , 0.194 , 0.183 , 0.196 , 0.174 , 0.181 , 0.183 , 0.174 , 0.187 , 0.183 , 0.171 , 0.183 , 0.183 , 0.183 , 0.189 , 0.169 , 0.169 , 0.234 , 0.676 , 0.641 , 0.646 , 0.413 , 0.902 , 0.95 , 0.848 
 0.083 , 0.055 , 0.043 , 0.267 , 0.06 , 0.052 , 0.056 , 0.081 , 0.047 , 0.047 , 0.093 , 0.044 , 0.235 , 0.077 , 0.06 , 0.014 , 0.013 , 0.047 , 0.003 , 0 , 0.049 , 0.001 , 0 , 0.025 , 0.025 , 0 , 0 , 0.049 , 0 , 0 , 0.042 , 0.009 , 0 , 0.016 , 0.236 , 0.196 , 0.044 , 0.09 , 0.035 , 0.001 , 0.035 , 0.017 , 0 , 0.022 , 0.076 , 0.037 , 0.037 , 0.091 
 0.003 , 0.032 , 0.035 , 0 , 0 , 0.031 , 0.037 , 0 , 0 , 0.026 , 0.045 , 0.042 , 0.192 , 0.078 , 0.084 , 0.047 , 0.048 , 0.074 , 0.084 , 0.044 , 0.167 , 0.073 , 0.081 , 0.043 , 0.014 , 0.032 , 0.047 , 0.004 , 0 , 0.021 , 0.047 , 0 , 0 , 0.021 , 0.047 , 0 , 0 , 0.02 , 0.048 , 0 , 0 , 0.02 , 0.049 , 0.241 , 0.183 , 0.028 , 0.053 , 0.004 
 0 , 0 , 0 , 0.014 , 0 , 0 , 0 , 0 , 0 , 0 , 0 , 0 , 0 , 0 , 0 , 0 , 0 , 0 , 0 , 0 , 0 , 0 , 0 , 0 , 0 , 0 , 0 , 0 , 0 , 0 , 0 , 0 , 0 , 0 , 0.442 , 0.003 , 0 , 0 , 0 , 0 , 0 , 0 , 0 , 0 , 0 , 0 , 0 , 0 
 0.075 , 0.081 , 0.066 , 0.078 , 0.091 , 0.065 , 0.07 , 0.184 , 0.093 , 0.096 , 0.114 , 0.166 , 0.121 , 0.095 , 0.116 , 0.107 , 0.183 , 0.179 , 0.23 , 0.368 , 0.935 , 1.456 , 0.77 , 0.232 , 0.233 , 0.168 , 0.127 , 0.58 , 0.494 , 0.038 , 0.056 , 0.038 , 0.038 , 0.05 , 0.035 , 0.042 , 0.464 , 0.055 , 0.033 , 0.054 , 0.037 , 0.037 , 0.057 , 0.034 , 0.544 , 0.564 , 0.821 , 0.511 
 0.33 , 0.609 , 0.178 , 0.911 , 1.166 , 1.563 , 0.489 , 0.383 , 0.109 , 0.192 , 0.145 , 0.101 , 0.117 , 0.141 , 0.187 , 0.184 , 0.186 , 0.202 , 0.376 , 0.783 , 0.435 , 0.29 , 0.219 , 0.228 , 0.18 , 0.141 , 0.217 , 0.126 , 0.101 , 0.147 , 0.098 , 0.065 , 0.1 , 0.055 , 0.054 , 0.093 , 0.062 , 0.053 , 0.086 , 0.066 , 0.153 , 0.383 , 0.175 , 0.09 , 0.071 , 0.097 , 0.054 , 0.072 
 0.732 , 0.701 , 0.484 , 0.698 , 0.499 , 0.455 , 0.786 , 1.024 , 0.823 , 1.194 , 0.462 , 0.463 , 0.475 , 0.618 , 0.639 , 0.57 , 0.474 , 0.371 , 0.37 , 0.372 , 0.456 , 0.521 , 0.535 , 0.538 , 0.518 , 0.478 , 0.451 , 0.296 , 0.281 , 0.266 , 0.231 , 0.216 , 0.216 , 0.277 , 0.277 , 0.276 , 0.233 , 0.215 , 0.212 , 0.213 , 0.279 , 0.515 , 0.373 , 0.382 , 0.477 , 0.647 , 0.336 , 0.275 
 0.126 , 0.12 , 0.119 , 0.425 , 0.154 , 0.551 , 0.264 , 1.071 , 1.015 , 0.957 , 0.676 , 0.266 , 0.319 , 0.243 , 0.341 , 0.295 , 0.849 , 0.53 , 0.539 , 0.176 , 0.196 , 0.303 , 0.26 , 0.317 , 0.272 , 0.162 , 0.153 , 0.07 , 0.062 , 0.063 , 0.062 , 0.062 , 0.062 , 0.062 , 0.061 , 0.061 , 0.062 , 0.06 , 0.061 , 0.06 , 0.06 , 0.077 , 0.13 , 0.127 , 0.239 , 0.112 , 0.097 , 0.06 
 0.35 , 0.3 , 0.212 , 0.31 , 0.247 , 0.284 , 0.183 , 0.168 , 0.163 , 0.221 , 0.223 , 0.202 , 0.197 , 0.238 , 0.3 , 0.24 , 0.381 , 0.623 , 0.349 , 0.336 , 0.423 , 0.806 , 0.366 , 0.185 , 0.102 , 0.081 , 0.081 , 0.128 , 0.082 , 0.062 , 0.068 , 0.098 , 0.097 , 0.065 , 0.069 , 0.103 , 0.111 , 0.064 , 0.067 , 0.068 , 0.097 , 0.091 , 0.067 , 0.068 , 0.812 , 0.368 , 0.291 , 0.377 
 0.061 , 0.099 , 0.047 , 0.021 , 0.052 , 0.036 , 0.02 , 0.056 , 0.042 , 0.054 , 0.101 , 0.14 , 0.114 , 0.108 , 0.122 , 0.115 , 0.087 , 0.093 , 0.108 , 0.074 , 0.148 , 0.184 , 0.106 , 0.106 , 0.06 , 0.043 , 0.02 , 0.02 , 0.06 , 0.026 , 0.02 , 0.019 , 0.066 , 0.047 , 0.064 , 0.061 , 0.02 , 0.019 , 0.023 , 0.107 , 0.089 , 0.064 , 0.067 , 0.093 , 0.049 , 0.039 , 0.072 , 0.074 
 0.165 , 0.135 , 0.183 , 0.162 , 0.161 , 0.123 , 1.517 , 1.5549999 , 1.622 , 2.0969999 , 1.2589999 , 0.905 , 2.0999999 , 0.828 , 0.433 , 0.114 , 0.126 , 0.227 , 0.237 , 0.2 , 0.201 , 0.174 , 0.047 , 0.061 , 0.062 , 0.063 , 1.568 , 0.392 , 0.434 , 0.681 , 0.078 , 0.036 , 0.036 , 0.036 , 0.035 , 0.036 , 0.107 , 0.138 , 0.182 , 0.476 , 0.341 , 0.329 , 0.183 , 0.216 , 0.033 , 0.123 , 0.111 , 0.091 
 0.16 , 0.185 , 0.153 , 0.341 , 0.176 , 0.158 , 0.192 , 0.167 , 0.197 , 0.185 , 0.165 , 0.2 , 0.163 , 0.198 , 0.175 , 0.151 , 0.132 , 0.101 , 0.139 , 0.073 , 0.102 , 0.105 , 0.083 , 0.114 , 0.074 , 0.107 , 0.098 , 0.09 , 0.106 , 0.077 , 0.115 , 0.096 , 0.082 , 0.113 , 0.078 , 0.118 , 0.079 , 0.095 , 0.301 , 0.161 , 0.246 , 0.147 , 0.172 , 0.177 , 0.152 , 0.226 , 0.15 , 0.18 
 0.517 , 0.302 , 0.218 , 0.367 , 0.452 , 1.436 , 2.8770001 , 1.5089999 , 2.0650001 , 1.455 , 1.575 , 0.872 , 2.675 , 0.803 , 2.6960001 , 1.295 , 0.663 , 0.788 , 1.08 , 0.447 , 0.58 , 0.381 , 0.261 , 0.211 , 0.183 , 0.225 , 0.19 , 0.168 , 0.192 , 0.214 , 0.637 , 1.0829999 , 0.834 , 0.831 , 0.843 , 0.69 , 0.398 , 0.296 , 0.192 , 0.21 , 0.254 , 0.181 , 0.316 , 0.233 , 0.235 , 0.232 , 0.517 , 0.876 
 0.74 , 1.011 , 1.219 , 0.534 , 0.618 , 0.66 , 0.788 , 0.63 , 0.694 , 0.691 , 1.4910001 , 1.753 , 1.451 , 1.332 , 1.702 , 1.1210001 , 1.6720001 , 1.057 , 0.858 , 0.357 , 0.137 , 0.113 , 0.094 , 0.066 , 0.092 , 0.077 , 0.082 , 0.062 , 0.08 , 0.079 , 0.084 , 0.07 , 0.12 , 0.182 , 0.22 , 0.141 , 0.149 , 0.094 , 0.081 , 0.373 , 0.55 , 0.937 , 0.689 , 1.1670001 , 0.801 , 0.774 , 0.639 , 0.245 
 0.691 , 0.182 , 1.033 , 0.342 , 0.165 , 0.071 , 0.047 , 0.053 , 0.101 , 0.129 , 0.612 , 0.04 , 0.065 , 0.041 , 0.057 , 0.097 , 0.199 , 0.362 , 0.309 , 0.188 , 0.21 , 0.27 , 0.34 , 0.299 , 0.942 , 0.551 , 0.345 , 0.654 , 0.672 , 0.467 , 0.272 , 0.174 , 0.207 , 0.18 , 0.18 , 0.181 , 0.083 , 0.11 , 0.097 , 0.109 , 0.089 , 0.111 , 0.09 , 0.106 , 0.1 , 0.09 , 0.113 , 0.085 
 0.161 , 0.104 , 0.313 , 0.135 , 0.089 , 0.143 , 0.158 , 0.162 , 0.135 , 0.149 , 0.141 , 0.197 , 0.183 , 0.154 , 0.144 , 0.258 , 0.282 , 0.711 , 0.687 , 0.4 , 0.514 , 0.294 , 0.308 , 0.296 , 0.438 , 0.289 , 0.299 , 0.276 , 0.306 , 0.21 , 0.131 , 0.089 , 0.085 , 0.08 , 0.086 , 0.085 , 0.081 , 0.081 , 0.085 , 0.084 , 0.076 , 0.081 , 0.081 , 0.078 , 0.077 , 0.081 , 0.081 , 0.102 
 0.243 , 0.448 , 0.295 , 0.211 , 0.169 , 0.124 , 0.127 , 0.372 , 0.228 , 0.207 , 0.287 , 0.429 , 0.473 , 0.388 , 0.505 , 0.601 , 0.589 , 0.731 , 0.654 , 0.468 , 0.468 , 0.566 , 0.48 , 0.479 , 0.628 , 0.523 , 0.341 , 0.401 , 0.195 , 0.155 , 0.114 , 0.194 , 0.148 , 0.129 , 0.151 , 0.193 , 0.129 , 0.155 , 0.145 , 0.156 , 0.131 , 0.146 , 0.373 , 0.473 , 0.334 , 0.265 , 0.177 , 0.111 
 0.064 , 0.251 , 0.134 , 0.185 , 0.255 , 0.391 , 0.356 , 0.168 , 0.12 , 0.246 , 0.111 , 0.108 , 0.115 , 0.155 , 0.285 , 0.558 , 0.236 , 0.198 , 0.162 , 0.178 , 0.242 , 0.279 , 0.359 , 0.627 , 0.386 , 0.337 , 0.252 , 0.267 , 0.202 , 0.06 , 0.053 , 0.037 , 0.034 , 0.068 , 0.082 , 0.077 , 0.075 , 0.042 , 0.028 , 0.027 , 0.028 , 0.027 , 0.068 , 0.028 , 0.028 , 0.028 , 0.035 , 0.159 
 0.517 , 0.462 , 0.246 , 0.232 , 0.408 , 0.328 , 0.144 , 0.313 , 0.124 , 0.159 , 0.164 , 0.355 , 0.134 , 0.493 , 0.332 , 0.166 , 0.321 , 0.108 , 0.106 , 0.155 , 0.348 , 0.122 , 0.125 , 0.714 , 0.267 , 0.209 , 0.374 , 0.144 , 0.16 , 0.168 , 0.389 , 0.126 , 0.183 , 0.35 , 0.527 , 0.163 , 0.107 , 0.094 , 0.395 , 0.104 , 0.103 , 0.092 , 0.391 , 0.125 , 0.118 , 0.091 , 0.388 , 0.135 
 0.122 , 0.088 , 0.063 , 0.067 , 0.066 , 0.065 , 0.208 , 0.105 , 0.091 , 0.114 , 0.109 , 0.091 , 0.112 , 0.09 , 0.072 , 0.105 , 0.137 , 0.242 , 0.132 , 0.104 , 0.097 , 0.128 , 0.099 , 0.098 , 0.119 , 0.099 , 0.015 , 0.043 , 0.028 , 0.016 , 0.038 , 0.031 , 0.016 , 0.033 , 0.036 , 0.015 , 0.026 , 0.043 , 0.015 , 0.015 , 0.051 , 0.023 , 0.017 , 0.04 , 0.033 , 0.283 , 0.263 , 0.048 
 0.406 , 0.535 , 0.4 , 0.389 , 0.37 , 0.414 , 0.4 , 0.348 , 0.376 , 0.347 , 0.462 , 0.459 , 0.371 , 0.971 , 1.091 , 0.476 , 0.416 , 0.446 , 0.551 , 0.432 , 0.375 , 0.397 , 0.393 , 0.423 , 0.404 , 0.419 , 0.392 , 0.318 , 0.194 , 0.258 , 0.233 , 0.208 , 0.189 , 0.2 , 0.215 , 0.202 , 0.184 , 0.249 , 0.177 , 0.206 , 0.184 , 0.242 , 0.346 , 0.301 , 0.281 , 0.341 , 0.234 , 0.282 
 0.077 , 0.075 , 0.098 , 0.12 , 0.199 , 0.148 , 0.132 , 0.193 , 0.092 , 0.074 , 0.159 , 0.131 , 0.236 , 0.174 , 0.813 , 1.225 , 0.877 , 0.542 , 0.697 , 0.642 , 0.55 , 0.554 , 0.572 , 0.632 , 0.668 , 0.4 , 0.52 , 0.082 , 0.03 , 0.057 , 0.03 , 0.036 , 0.074 , 0.031 , 0.04 , 0.057 , 0.029 , 0.053 , 0.055 , 0.034 , 0.03 , 0.363 , 0.293 , 0.357 , 0.13 , 0.111 , 0.087 , 0.111 
 0.12 , 0.118 , 0.117 , 0.14 , 0.103 , 0.126 , 0.118 , 0.413 , 0.143 , 0.167 , 0.415 , 0.709 , 0.385 , 0.183 , 0.265 , 0.25 , 0.125 , 0.257 , 0.131 , 0.14 , 0.181 , 0.275 , 0.182 , 0.146 , 0.075 , 0.071 , 0.019 , 0.011 , 0.038 , 0.056 , 0.054 , 0.051 , 0.05 , 0.049 , 0.045 , 0.008 , 0.004 , 0.006 , 0.001 , 0.005 , 0.041 , 0.054 , 0.052 , 0.052 , 0.062 , 0.336 , 0.09 , 0.362 
 0.531 , 0.272 , 0.324 , 0.276 , 0.248 , 0.182 , 0.67 , 0.348 , 0.174 , 0.167 , 0.155 , 0.267 , 0.256 , 0.336 , 0.273 , 0.226 , 0.237 , 0.233 , 0.356 , 0.254 , 0.36 , 0.427 , 0.267 , 0.278 , 0.236 , 0.215 , 0.233 , 0.209 , 0.179 , 0.153 , 0.168 , 0.184 , 0.132 , 0.195 , 0.148 , 0.179 , 0.157 , 0.172 , 0.164 , 0.135 , 0.206 , 0.147 , 0.612 , 0.376 , 0.47 , 0.242 , 0.284 , 0.266 
 0.347 , 0.29 , 0.239 , 0.2 , 0.173 , 0.224 , 0.381 , 0.31 , 0.279 , 0.216 , 0.191 , 0.152 , 0.191 , 0.251 , 0.345 , 0.283 , 0.337 , 0.367 , 0.475 , 0.428 , 0.332 , 0.244 , 0.362 , 1.637 , 0.413 , 0.414 , 0.291 , 0.139 , 0.154 , 0.152 , 0.188 , 0.157 , 0.691 , 0.52 , 0.199 , 0.414 , 0.246 , 0.26 , 0.165 , 0.192 , 0.151 , 0.181 , 0.208 , 0.168 , 0.311 , 0.217 , 0.206 , 0.238 
 0.406 , 0.31 , 0.194 , 0.265 , 0.276 , 0.298 , 0.319 , 0.298 , 0.236 , 0.302 , 0.318 , 0.323 , 0.348 , 0.303 , 0.272 , 0.253 , 0.294 , 0.389 , 0.284 , 0.299 , 0.272 , 0.291 , 0.187 , 0.175 , 0.175 , 0.151 , 0.176 , 0.172 , 0.167 , 0.178 , 0.152 , 0.152 , 0.146 , 0.142 , 0.154 , 0.135 , 0.154 , 0.145 , 0.146 , 0.156 , 0.135 , 0.153 , 0.139 , 0.147 , 0.154 , 0.145 , 0.275 , 0.233 
 0.127 , 0.64 , 0.237 , 0.22 , 0.215 , 0.172 , 0.196 , 0.168 , 0.157 , 0.153 , 0.221 , 0.357 , 0.269 , 0.285 , 0.256 , 0.286 , 0.224 , 0.169 , 0.192 , 0.25 , 0.164 , 0.195 , 0.199 , 0.23 , 0.194 , 0.196 , 0.168 , 0.126 , 0.124 , 0.122 , 0.12 , 0.106 , 0.105 , 0.084 , 0.106 , 0.104 , 0.103 , 0.14 , 0.15 , 0.165 , 1.1289999 , 0.571 , 0.16 , 0.179 , 0.161 , 0.173 , 0.192 , 0.227 
 0 , 0.3 , 0.805 , 0.601 , 0.257 , 0.623 , 0.776 , 0.828 , 0.696 , 0.881 , 0.501 , 0.672 , 1.364 , 1.1950001 , 1.449 , 0.802 , 1.916 , 0.72 , 0.462 , 0.66 , 0.726 , 0.09 , 0.07 , 0.353 , 0.074 , 0.08 , 0.777 , 0.099 , 0.078 , 0.073 , 0.085 , 0.306 , 0.076 , 0.289 , 0.771 , 0.698 , 0.681 , 0.87 , 1.197 , 0.193 , 0.42 , 0.53 , 0.157 , 0.597 , 0.494 , 0.441 , 0.198 , 0.554 
 0.31 , 0.311 , 0.279 , 0.32 , 0.331 , 0.283 , 0.258 , 0.345 , 0.259 , 0.252 , 0.336 , 0.34 , 0.308 , 0.339 , 0.308 , 0.27 , 0.265 , 0.259 , 0.238 , 0.236 , 0.265 , 0.303 , 0.294 , 0.314 , 0.315 , 0.279 , 0.302 , 0.267 , 0.239 , 0.244 , 0.271 , 0.274 , 0.325 , 0.363 , 0.332 , 0.286 , 0.333 , 0.271 , 0.217 , 0.286 , 0.286 , 0.26 , 0.329 , 0.34 , 0.287 , 0.306 , 0.322 , 0.254 
 0.063 , 0.106 , 0.029 , 0.108 , 0.033 , 0.091 , 0.054 , 0.065 , 0.079 , 0.046 , 0.094 , 0.048 , 0.107 , 0.055 , 0.134 , 0.084 , 0.112 , 0.102 , 0.068 , 0.084 , 0.081 , 0.11 , 0.039 , 0.101 , 0.022 , 0.11 , 0.035 , 0.099 , 0.049 , 0.087 , 0.061 , 0.071 , 0.078 , 0.06 , 0.094 , 0.082 , 0.288 , 0.099 , 0.163 , 0.086 , 0.174 , 0.084 , 0.134 , 0.092 , 0.136 , 0.08 , 0.079 , 0.097 
 0.252 , 0.315 , 0.031 , 0.101 , 0.017 , 0.133 , 0.033 , 0.227 , 0.127 , 0.368 , 0.375 , 0.396 , 0.016 , 0.075 , 0.008 , 0 , 0.03 , 0 , 0.658 , 0.473 , 0.262 , 0.144 , 0.113 , 0.268 , 0.169 , 0.463 , 0.194 , 0.21 , 0.074 , 0.05 , 0.001 , 0.1 , 0.1 , 0.048 , 0.038 , 0.025 , 0 , 0.014 , 0.017 , 0 , 0.016 , 0.016 , 0 , 0.01 , 0.022 , 0 , 0 , 0.032 
 0.16 , 0.093 , 0.155 , 0.446 , 0.542 , 0.147 , 0.155 , 0.979 , 0.241 , 0.122 , 0.101 , 0.088 , 0.137 , 0.12 , 0.201 , 0.273 , 0.311 , 0.799 , 0.741 , 0.268 , 0.125 , 0.094 , 0.098 , 0.096 , 0.041 , 0.099 , 0.294 , 0.292 , 0.188 , 0.117 , 0.106 , 0.096 , 0.111 , 0.111 , 0.094 , 0.109 , 0.111 , 0.098 , 0.105 , 0.11 , 0.045 , 0.022 , 0.028 , 0.021 , 0.075 , 0.072 , 0.068 , 0.061 
 0.112 , 0.088 , 0.094 , 0.115 , 0.085 , 0.067 , 0.077 , 0.071 , 0.079 , 0.082 , 0.068 , 0.068 , 0.545 , 0.248 , 0.155 , 0.171 , 0.112 , 0.968 , 1.097 , 0.707 , 1.156 , 1.038 , 0.172 , 0.097 , 0.705 , 0.095 , 0.109 , 0.064 , 0.061 , 0.061 , 0.041 , 0.048 , 0.024 , 0.029 , 0.036 , 0.019 , 0.034 , 0.021 , 0.034 , 0.032 , 0.022 , 0.033 , 0.022 , 0.033 , 0.024 , 0.029 , 0.034 , 0.02 
 0.243 , 0.355 , 0.284 , 0.222 , 0.758 , 0.333 , 0.361 , 0.347 , 0.27 , 0.344 , 0.317 , 0.34 , 0.312 , 0.36 , 0.379 , 0.483 , 0.472 , 0.845 , 0.525 , 0.562 , 0.52 , 0.465 , 0.476 , 0.577 , 0.536 , 0.523 , 0.503 , 0.496 , 0.417 , 0.492 , 0.322 , 0.283 , 0.253 , 0.227 , 0.212 , 0.214 , 0.206 , 0.21 , 0.202 , 0.219 , 0.229 , 0.208 , 0.156 , 0.177 , 0.106 , 0.107 , 0.249 , 0.283 
 0.059 , 0.12 , 0.117 , 0.118 , 0.172 , 0.197 , 0.147 , 0.181 , 0.118 , 0.089 , 0.29 , 0.346 , 0.422 , 0.536 , 0.307 , 0.243 , 0.211 , 0.196 , 0.236 , 0.208 , 0.184 , 0.184 , 0.454 , 0.297 , 0.174 , 0.171 , 0.232 , 0.168 , 0.136 , 0.197 , 0.15 , 0.094 , 0.097 , 0.087 , 0.068 , 0.093 , 0.085 , 0.068 , 0.086 , 0.096 , 0.067 , 0.067 , 0.102 , 0.051 , 0.052 , 0.077 , 0.066 , 0.051 
 0.519 , 0.339 , 0.211 , 0.189 , 0.167 , 0.162 , 0.188 , 0.198 , 0.161 , 0.044 , 0.044 , 0.34 , 0.355 , 0.367 , 0.279 , 0.291 , 0.248 , 0.222 , 0.213 , 0.027 , 0.048 , 0.024 , 0.017 , 0.017 , 0.05 , 0.034 , 0.018 , 0.017 , 0.034 , 0.047 , 0.018 , 0.447 , 0.155 , 0.146 , 0.336 , 0.161 , 0.024 , 0.056 , 0.037 , 0.059 , 0.056 , 0.069 , 0.084 , 0.047 , 0.05 , 0.049 , 0.042 , 0.048 
 1.387 , 2.733 , 2.872 , 1.697 , 1.238 , 0.417 , 0.467 , 0.977 , 0.847 , 0.78 , 0.364 , 0.423 , 0.438 , 0.719 , 1.274 , 1.244 , 1.205 , 1.225 , 1.244 , 1.086 , 0.441 , 0.49 , 0.466 , 0.837 , 0.982 , 0.964 , 0.988 , 0.998 , 1.0039999 , 0.484 , 0.188 , 0.167 , 0.188 , 0.16 , 0.158 , 0.184 , 0.205 , 0.17 , 0.186 , 0.185 , 0.164 , 0.184 , 0.178 , 0.162 , 0.193 , 0.18 , 0.17 , 0.187 
 0.089 , 0.074 , 0.143 , 0.138 , 0.138 , 0.149 , 0.14 , 0.101 , 0.09 , 0.038 , 0.093 , 0.116 , 0.125 , 0.143 , 0.453 , 0.257 , 0.209 , 0.216 , 0.191 , 0.198 , 0.207 , 0.154 , 0.2 , 0.225 , 0.203 , 0.206 , 0.182 , 0.046 , 0.018 , 0.017 , 0.018 , 0.035 , 0.021 , 0.017 , 0.018 , 0.017 , 0.03 , 0.025 , 0.017 , 0.019 , 0.016 , 0.019 , 0.037 , 0.017 , 0.019 , 0.054 , 0.055 , 0.039 
 0.264 , 0.205 , 0.238 , 0.595 , 0.812 , 0.152 , 0.203 , 0.219 , 0.318 , 0.405 , 0.256 , 0.55 , 0.52 , 0.234 , 0.497 , 0.356 , 0.495 , 0.393 , 0.276 , 0.317 , 0.314 , 0.263 , 0.287 , 0.39 , 0.87 , 0.691 , 0.278 , 0.128 , 0.09 , 0.091 , 0.081 , 0.135 , 0.075 , 0.098 , 0.092 , 0.121 , 0.126 , 0.149 , 0.143 , 0.173 , 0.166 , 0.273 , 0.382 , 0.297 , 0.108 , 0.106 , 0.321 , 0.281 
 0.417 , 0.179 , 0.482 , 0.296 , 0.479 , 0.829 , 0.471 , 0.625 , 1.77 , 1.217 , 1.418 , 0.884 , 2.2609999 , 2.618 , 1.967 , 0.372 , 0.381 , 0.218 , 0.126 , 0.171 , 0.103 , 0.173 , 0.128 , 0.142 , 0.162 , 0.106 , 0.182 , 0.092 , 0.173 , 0.07 , 0.103 , 0.093 , 0.106 , 0.069 , 0.139 , 0.12 , 0.124 , 0.139 , 0.109 , 0.128 , 0.268 , 0.298 , 0.085 , 0.184 , 0.276 , 0.354 , 0.223 , 0.683 
 0.415 , 0.223 , 0.228 , 0.79 , 0.625 , 0.535 , 0.723 , 0.679 , 0.629 , 0.637 , 0.621 , 0.629 , 1.0140001 , 0.86 , 0.31 , 0.305 , 0.353 , 0.391 , 0.38 , 0.411 , 0.363 , 0.237 , 0.196 , 0.203 , 0.188 , 0.183 , 0.203 , 0.181 , 0.182 , 0.183 , 0.186 , 0.184 , 0.202 , 0.174 , 0.237 , 0.142 , 0.191 , 0.217 , 0.219 , 0.31 , 0.651 , 1.036 , 0.708 , 0.555 , 0.646 , 0.662 , 0.678 , 0.719 
 0.814 , 0.245 , 0.231 , 0.35 , 0.772 , 1.008 , 1.232 , 1.424 , 1.686 , 1.925 , 1.735 , 1.508 , 1.263 , 0.666 , 0.654 , 1.108 , 0.691 , 0.811 , 1.721 , 1.176 , 0.795 , 1.446 , 0.545 , 0.418 , 0.162 , 0.126 , 0.086 , 0.144 , 0.083 , 0.139 , 0.083 , 0.127 , 0.094 , 0.13 , 0.179 , 0.143 , 0.178 , 0.082 , 0.135 , 0.083 , 0.711 , 0.678 , 1.217 , 2.006 , 1.9220001 , 1.858 , 1.307 , 1.692 
 0.237 , 0.122 , 0.063 , 0.115 , 0.717 , 0.514 , 0.152 , 0.126 , 0.183 , 0.188 , 0.13 , 0.155 , 0.134 , 0.086 , 0.057 , 0.064 , 0.123 , 0.057 , 0.044 , 0.054 , 0.084 , 0.069 , 0.07 , 0.039 , 0.054 , 0.037 , 0.015 , 0.026 , 0.055 , 1.006 , 1.603 , 1.661 , 0.724 , 0.103 , 0.123 , 0.124 , 0.285 , 0.142 , 0.057 , 0.052 , 0.052 , 0.024 , 0.055 , 0.061 , 0.098 , 0.089 , 0.323 , 0.299 
 0.288 , 0.307 , 0.39 , 0.178 , 0.148 , 0.162 , 0.286 , 0.263 , 0.397 , 0.398 , 0.245 , 0.312 , 0.352 , 0.535 , 0.353 , 0.367 , 0.488 , 0.327 , 0.536 , 0.371 , 0.396 , 0.55 , 0.529 , 0.417 , 0.295 , 0.378 , 0.222 , 0.169 , 0.264 , 0.159 , 0.163 , 0.191 , 0.16 , 0.174 , 0.188 , 0.159 , 0.186 , 0.167 , 0.163 , 0.209 , 0.181 , 0.157 , 0.155 , 0.338 , 0.297 , 0.278 , 0.453 , 0.316 
 0.233 , 0.133 , 0.199 , 0.048 , 0.065 , 0.038 , 0.038 , 0.038 , 0.039 , 0.081 , 0.242 , 0.249 , 0.237 , 0.604 , 0.667 , 0.613 , 0.559 , 0.76 , 0.753 , 0.536 , 0.508 , 0.583 , 0.654 , 0.587 , 0.598 , 0.214 , 0.047 , 0.068 , 0.059 , 0.04 , 0.036 , 0.044 , 0.053 , 0.063 , 0.04 , 0.044 , 0.039 , 0.039 , 0.059 , 0.096 , 0.068 , 0.039 , 0.334 , 0.32 , 0.602 , 0.307 , 0.279 , 0.446 
 0.247 , 0.068 , 0.107 , 0.098 , 0.095 , 0.093 , 0.084 , 0.084 , 0.652 , 1.373 , 0.898 , 0.386 , 0.673 , 0.98 , 0.899 , 0.682 , 0.695 , 0.734 , 0.954 , 0.234 , 0.25 , 0.161 , 0.133 , 0.477 , 0.352 , 0.126 , 0.109 , 0.109 , 0.084 , 1.391 , 1.6950001 , 1.679 , 0.695 , 0.078 , 0.085 , 0.085 , 0.127 , 0.634 , 1.505 , 0.67 , 0.616 , 0.605 , 0.607 , 0.621 , 0.626 , 0.62 , 0.623 , 0.626 
 0.107 , 0.097 , 0.101 , 0.114 , 0.172 , 0.115 , 0.179 , 0.102 , 0.152 , 0.122 , 0.157 , 0.15 , 0.183 , 0.168 , 0.213 , 0.277 , 0.35 , 0.256 , 0.234 , 0.235 , 0.3 , 0.268 , 0.29 , 0.161 , 0.109 , 0.111 , 0.076 , 0.057 , 0.06 , 0.055 , 0.102 , 0.053 , 0.048 , 0.058 , 0.09 , 0.074 , 0.076 , 0.175 , 0.179 , 0.218 , 0.815 , 0.37 , 0.659 , 0.297 , 0.391 , 0.164 , 0.144 , 0.165 
 0.502 , 0.098 , 0.31 , 0.5 , 0.162 , 0.22 , 0.286 , 0.285 , 0.15 , 0.107 , 0.197 , 0.267 , 0.697 , 0.505 , 0.632 , 0.442 , 0.212 , 0.217 , 0.183 , 0.129 , 0.06 , 0.27 , 0.086 , 0.215 , 0.069 , 0.18 , 0.101 , 0.028 , 0.025 , 0.004 , 0.028 , 0.029 , 0.003 , 0 , 0 , 0.033 , 0.024 , 0 , 0.002 , 0 , 0.026 , 0.14 , 0.157 , 0.101 , 0.22 , 0.169 , 0.112 , 0.122 
 0.107 , 0.134 , 0.12 , 0.235 , 0.248 , 0.232 , 0.158 , 0.152 , 0.24 , 0.134 , 0.112 , 0.127 , 0.131 , 0.146 , 0.144 , 0.136 , 0.15 , 0.143 , 0.155 , 0.139 , 0.148 , 0.126 , 0.137 , 0.129 , 0.128 , 0.121 , 0.121 , 0.126 , 0.329 , 0.178 , 0.087 , 0.104 , 0.094 , 0.109 , 0.085 , 0.097 , 0.086 , 0.095 , 0.104 , 0.114 , 0.134 , 0.114 , 0.13 , 0.246 , 0.313 , 0.588 , 0.2 , 0.135 
 0.219 , 0.134 , 0.088 , 0.086 , 0.086 , 0.109 , 0.128 , 0.09 , 0.086 , 0.085 , 0.109 , 0.12 , 0.084 , 0.084 , 0.084 , 0.167 , 0.2 , 1.329 , 0.288 , 0.268 , 0.203 , 0.212 , 0.152 , 0.14 , 0.19 , 0.136 , 0.118 , 0.156 , 0.13 , 0.107 , 0.107 , 0.123 , 0.15 , 0.112 , 0.107 , 0.105 , 0.152 , 0.213 , 0.153 , 0.152 , 0.162 , 0.441 , 0.222 , 0.134 , 0.115 , 0.084 , 0.085 , 0.085 
 0.291 , 0.552 , 0.518 , 0.334 , 0.317 , 0.35 , 0.403 , 0.278 , 0.153 , 0.148 , 0.079 , 0.055 , 0.07 , 0.082 , 0.118 , 0.129 , 0.304 , 0.231 , 0.215 , 0.241 , 0.232 , 0.215 , 0.218 , 0.284 , 0.283 , 0.28 , 0.36 , 0.416 , 0.502 , 0.287 , 0.287 , 0.261 , 0.226 , 0.231 , 0.259 , 0.219 , 0.248 , 0.273 , 0.283 , 0.265 , 0.279 , 0.233 , 0.217 , 0.239 , 0.261 , 0.244 , 0.072 , 0.098 
 1.367 , 1.321 , 0.75 , 0.654 , 0.621 , 0.744 , 0.634 , 0.74 , 0.745 , 0.847 , 0.756 , 0.725 , 0.765 , 0.796 , 0.908 , 0.746 , 1.068 , 0.999 , 1.063 , 1.1720001 , 1.345 , 1.158 , 0.927 , 0.34 , 0.231 , 0.213 , 0.208 , 0.203 , 0.183 , 0.225 , 0.217 , 0.206 , 0.214 , 0.209 , 0.19 , 0.184 , 0.207 , 0.21 , 0.208 , 0.313 , 0.482 , 0.579 , 0.355 , 0.271 , 0.235 , 0.383 , 0.391 , 0.376 
 0.134 , 0.15 , 0.163 , 0.121 , 0.162 , 0.169 , 0.15 , 0.25 , 0.088 , 0.12 , 0.285 , 0.266 , 0.295 , 0.284 , 0.294 , 1.15 , 1.635 , 0.668 , 0.354 , 0.338 , 0.336 , 0.271 , 0.296 , 0.318 , 0.2 , 0.127 , 0.114 , 0.124 , 0.131 , 0.105 , 0.104 , 0.168 , 0.105 , 0.115 , 0.121 , 0.114 , 0.147 , 0.185 , 0.144 , 0.177 , 0.232 , 0.976 , 0.32 , 0.294 , 0.194 , 0.178 , 0.21 , 0.226 
 0.197 , 0.062 , 0.213 , 0.237 , 0.379 , 0.135 , 0.275 , 0.252 , 0.285 , 0.301 , 0.346 , 0.342 , 0.33 , 0.352 , 0.332 , 0.472 , 1.138 , 0.985 , 0.54 , 0.439 , 0.363 , 0.227 , 0.2 , 0.209 , 0.186 , 0.057 , 0.06 , 0.048 , 0.049 , 0.053 , 0.031 , 0.054 , 0.091 , 0.093 , 0.345 , 0.34 , 0.177 , 0.322 , 0.095 , 0.203 , 0.322 , 0.35 , 0.507 , 0.358 , 0.231 , 0.285 , 0.278 , 0.263 
 0.279 , 0.176 , 0.044 , 0.02 , 0.023 , 0.13 , 0.031 , 0.081 , 0.124 , 0.129 , 0.095 , 0.112 , 0.092 , 0.067 , 0.199 , 0.205 , 0.114 , 0.145 , 0.168 , 0.153 , 0.131 , 0.131 , 0.13 , 0.105 , 0.081 , 0.079 , 0.022 , 0.02 , 0.061 , 0.075 , 0.089 , 0.569 , 0.349 , 0.132 , 0.126 , 0.078 , 0.075 , 0.022 , 0.02 , 0.055 , 0.103 , 0.072 , 0.07 , 0.068 , 0.019 , 0.02 , 0.02 , 0.019 
 0 , 0.383 , 0.211 , 0.113 , 0.138 , 0.295 , 0.354 , 0.312 , 0.248 , 0.41 , 0.336 , 0.298 , 0.191 , 0.218 , 0.187 , 0.363 , 0.268 , 0.208 , 0.185 , 0.143 , 0.073 , 0.101 , 0.111 , 0.084 , 0.07 , 0.073 , 0.088 , 0.097 , 0.101 , 0.079 , 0.072 , 0.073 , 0.088 , 0.085 , 0.147 , 0.143 , 0.347 , 0.179 , 0.112 , 0.231 , 0.206 , 0.207 , 0.296 , 0.221 , 0.194 , 0.206 , 0.348 , 0.287 
 0.264 , 0.242 , 0.399 , 0.246 , 0.175 , 0.111 , 0.077 , 0.073 , 0.077 , 0.063 , 0.062 , 0.121 , 0.125 , 0.105 , 0.085 , 0.062 , 0.065 , 0.068 , 0.113 , 0.082 , 0.095 , 0.138 , 0.336 , 0.251 , 0.201 , 0.316 , 0.456 , 0.3 , 0.926 , 0.323 , 1.527 , 0.601 , 1.011 , 1.353 , 0.258 , 1.242 , 1.166 , 0.825 , 0.404 , 0.293 , 0.497 , 0.361 , 0.297 , 0.326 , 0.333 , 0.254 , 0.385 , 0.313 
 0.219 , 0.202 , 0.301 , 0.814 , 0.779 , 0.389 , 0.185 , 0.117 , 0.111 , 0.109 , 0.107 , 0.057 , 0.06 , 0.058 , 0.059 , 0.06 , 0.057 , 0.058 , 0.058 , 0.059 , 0.058 , 0.092 , 0.088 , 0.085 , 0.084 , 0.086 , 0.396 , 0.426 , 0.416 , 0.356 , 0.34 , 0.092 , 0.143 , 0.15 , 0.509 , 0.798 , 0.143 , 0.165 , 0.09 , 0.114 , 0.125 , 0.23 , 0.24 , 0.149 , 0.196 , 0.207 , 0.218 , 0.579 
 0 , 0 , 0 , 0 , 0 , 0 , 0 , 0 , 0 , 0 , 0 , 0 , 0 , 0 , 0 , 0 , 0 , 0 , 0 , 0 , 0 , 0 , 0 , 0 , 0 , 0.035 , 0.047 , 0.08 , 0.04 , 0.013 , 0.027 , 0.065 , 0.057 , 0.065 , 0.073 , 0.044 , 0.032 , 0.072 , 0.051 , 0.093 , 0.038 , 0.078 , 0.109 , 0.156 , 0.164 , 0.17 , 0.173 , 0.117 
 0.557 , 0.433 , 0.284 , 0.449 , 0.288 , 0.194 , 0.226 , 0.257 , 0.263 , 0.958 , 1.077 , 0.797 , 0.767 , 0.808 , 0.928 , 0.986 , 1.348 , 0.996 , 0.901 , 1.383 , 2.1029999 , 0.955 , 0.786 , 1.17 , 0.91 , 1.447 , 2.0550001 , 0.66 , 0.755 , 0.637 , 0.579 , 0.875 , 0.272 , 0.23 , 0.215 , 0.234 , 0.362 , 0.504 , 0.521 , 0.49 , 0.46 , 0.539 , 0.495 , 0.514 , 0.537 , 0.285 , 0.428 , 0.247 
 0.104 , 0.133 , 0.732 , 0.376 , 0.313 , 0.32 , 0.142 , 0.09 , 0.04 , 0.04 , 0.107 , 0.101 , 0.09 , 0.301 , 0.227 , 0.237 , 0.25 , 0.823 , 1.5930001 , 0.671 , 0.798 , 0.443 , 0.867 , 1.131 , 0.356 , 0.176 , 0.124 , 0.082 , 0.034 , 0.032 , 0.08 , 0.09 , 0.103 , 0.08 , 0.033 , 0.037 , 0.09 , 0.086 , 0.084 , 0.067 , 0.033 , 0.081 , 0.086 , 0.083 , 0.048 , 0.303 , 0.147 , 0.124 
 1.2970001 , 0.977 , 0.783 , 0.711 , 0.775 , 2.1159999 , 1.7970001 , 1.368 , 1.367 , 2.6140001 , 1.772 , 1.416 , 2.5810001 , 2.0999999 , 2.2320001 , 2.1570001 , 2.822 , 3.47 , 2.5090001 , 2.497 , 1.311 , 1.029 , 1.505 , 0.699 , 0.609 , 0.544 , 0.53 , 0.54 , 0.544 , 0.541 , 0.542 , 0.53 , 0.535 , 0.535 , 0.549 , 0.601 , 0.666 , 0.62 , 0.581 , 0.574 , 0.544 , 1.017 , 1.2970001 , 1.704 , 1.888 , 1.665 , 1.6900001 , 1.446 
 0.199 , 0.188 , 0.135 , 0.122 , 0.173 , 0.131 , 0.145 , 0.215 , 0.191 , 0.189 , 0.105 , 0.1 , 0.11 , 0.118 , 0.176 , 0.205 , 0.103 , 0.104 , 0.103 , 0.104 , 0.137 , 0.079 , 0.028 , 0.006 , 0.007 , 0.006 , 0.007 , 0.006 , 0.082 , 0.056 , 0.006 , 0.007 , 0.006 , 0.006 , 0.007 , 0.01 , 0.085 , 0.058 , 0.006 , 0.006 , 0.006 , 0.006 , 0.007 , 0.092 , 0.128 , 0.092 , 0.064 , 0.116 
 0.267 , 0.202 , 1.046 , 0.952 , 0.987 , 1.008 , 1.063 , 1.598 , 1.568 , 0.623 , 0.743 , 0.828 , 0.747 , 0.838 , 0.704 , 0.845 , 0.694 , 0.701 , 0.664 , 0.92 , 0.468 , 0.975 , 0.749 , 1.063 , 0.211 , 0.2 , 0.199 , 0.182 , 0.14 , 0.169 , 0.149 , 0.206 , 0.152 , 0.185 , 0.212 , 0.364 , 0.263 , 0.215 , 0.238 , 0.198 , 0.204 , 0.216 , 0.331 , 0.212 , 0.206 , 0.286 , 0.36 , 0.353 
 0.155 , 0.156 , 0.134 , 0.101 , 0.126 , 0.115 , 0.101 , 0.138 , 0.088 , 0.074 , 0.089 , 0.063 , 0.087 , 0.076 , 0.062 , 0.101 , 0.087 , 0.506 , 0.145 , 0.181 , 0.277 , 0.145 , 0.11 , 0.147 , 0.199 , 0.192 , 0.208 , 0.241 , 0.14 , 0.135 , 0.118 , 0.301 , 0.314 , 0.225 , 0.242 , 0.266 , 0.29 , 0.264 , 0.797 , 0.31 , 0.398 , 0.339 , 0.263 , 0.267 , 0.247 , 0.225 , 0.214 , 0.287 
 0.224 , 0.267 , 0.207 , 0.153 , 0.161 , 0.132 , 0.155 , 0.193 , 0.135 , 0.134 , 0.128 , 0.358 , 0.224 , 0.205 , 0.35 , 0.365 , 0.376 , 0.854 , 0.649 , 0.347 , 0.361 , 0.389 , 0.379 , 0.354 , 0.436 , 0.281 , 0.374 , 0.318 , 0.428 , 0.428 , 0.172 , 0.159 , 0.114 , 0.131 , 0.114 , 0.117 , 0.146 , 0.12 , 0.133 , 0.115 , 0.135 , 0.146 , 0.128 , 0.146 , 0.131 , 0.184 , 0.325 , 0.276 
 0.666 , 0.63 , 1.663 , 1.0420001 , 0.949 , 1.403 , 0.728 , 0.262 , 1.674 , 1.381 , 1.117 , 1.217 , 0.892 , 1.375 , 1.229 , 1.3049999 , 1.103 , 1.173 , 1.056 , 1.079 , 1.113 , 1.124 , 1.233 , 0.932 , 0.868 , 0.848 , 0.861 , 0.904 , 0.918 , 0.918 , 0.804 , 0.178 , 0.17 , 0.186 , 0.21 , 0.173 , 0.15 , 0.119 , 0.127 , 0.257 , 0.232 , 0.236 , 0.213 , 0.241 , 1.012 , 1.314 , 1.158 , 0.554 
 0.126 , 0.086 , 0.041 , 0.087 , 0.078 , 0.172 , 0.045 , 0.066 , 0.063 , 0.08 , 0.08 , 0.102 , 0.16 , 0.149 , 0.148 , 0.288 , 0.554 , 0.194 , 0.192 , 0.228 , 0.186 , 0.259 , 0.191 , 0.196 , 0.134 , 0.063 , 0.022 , 0.054 , 0.024 , 0.024 , 0.03 , 0.03 , 0.053 , 0.031 , 0.021 , 0.035 , 0.041 , 0.04 , 0.022 , 0.025 , 0.03 , 0.07 , 0.023 , 0.023 , 0.235 , 0.3 , 0.336 , 0.125 
 0.287 , 0.159 , 0.152 , 0.372 , 0.216 , 0.191 , 0.202 , 0.174 , 0.198 , 0.153 , 0.176 , 0.284 , 0.289 , 0.339 , 0.335 , 0.338 , 0.276 , 0.408 , 1.243 , 0.65 , 0.575 , 0.369 , 0.39 , 0.377 , 0.378 , 0.218 , 0.1 , 0.1 , 0.081 , 0.058 , 0.086 , 0.058 , 0.079 , 0.063 , 0.065 , 0.108 , 0.071 , 0.073 , 0.083 , 0.067 , 0.306 , 0.357 , 0.197 , 0.388 , 0.317 , 0.253 , 0.271 , 0.249 
 0.748 , 0.845 , 0.538 , 1.076 , 1.613 , 1.401 , 2.1559999 , 1.619 , 0.429 , 0.385 , 0.648 , 0.695 , 0.651 , 0.394 , 0.432 , 0.444 , 0.647 , 0.727 , 0.851 , 0.807 , 1.544 , 0.808 , 0.767 , 0.872 , 0.749 , 0.618 , 0.618 , 0.556 , 0.468 , 0.3 , 0.282 , 0.277 , 0.275 , 0.284 , 0.354 , 0.373 , 0.326 , 0.294 , 0.271 , 0.251 , 0.294 , 0.29 , 0.34 , 0.404 , 0.394 , 0.443 , 0.603 , 0.692 
 0.097 , 0.109 , 0.078 , 0.075 , 0.065 , 0.055 , 0.055 , 0.071 , 0.07 , 0.419 , 0.727 , 0.705 , 0.711 , 1.227 , 0.736 , 0.254 , 0.233 , 0.239 , 0.249 , 0.229 , 0.182 , 0.182 , 0.177 , 0.183 , 0.117 , 0.117 , 0.099 , 0.093 , 0.096 , 0.093 , 0.09 , 0.086 , 0.091 , 0.098 , 0.106 , 0.105 , 0.077 , 0.098 , 0.1 , 0.069 , 0.567 , 0.662 , 0.601 , 0.567 , 0.578 , 0.585 , 0.589 , 0.696 
 0.142 , 0.103 , 0.207 , 0.089 , 0.127 , 0.142 , 0.162 , 0.188 , 0.444 , 0.687 , 0.501 , 0.539 , 0.379 , 0.425 , 0.446 , 0.623 , 0.398 , 0.447 , 0.389 , 0.189 , 0.18 , 0.124 , 0.091 , 0.091 , 0.078 , 0.076 , 0.105 , 0.107 , 0.067 , 0.063 , 0.098 , 0.081 , 0.185 , 0.1 , 0.127 , 0.067 , 0.086 , 0.069 , 0.077 , 0.086 , 0.115 , 0.061 , 0.065 , 0.089 , 0.257 , 0.115 , 0.113 , 0.129 
 0.046 , 0.053 , 0.049 , 0.041 , 0.02 , 0.074 , 0.049 , 0.021 , 0.036 , 0.075 , 0.03 , 0.02 , 0.059 , 0.039 , 0.075 , 0.084 , 0.061 , 0.14 , 0.292 , 0.091 , 0.082 , 0.149 , 0.489 , 0.153 , 0.169 , 0.132 , 0.096 , 0.187 , 0.144 , 0.171 , 0.144 , 0.132 , 0.229 , 0.125 , 0.162 , 0.411 , 1.0140001 , 0.972 , 1.069 , 0.94 , 0.993 , 0.954 , 1.102 , 0.958 , 0.951 , 0.839 , 0.73 , 0.743 
 0.072 , 0.074 , 0.066 , 0.075 , 0.061 , 0.081 , 0.057 , 0.079 , 0.058 , 0.077 , 0.057 , 0.077 , 0.059 , 0.07 , 0.066 , 0.063 , 0.073 , 0.057 , 0.081 , 0.057 , 0.083 , 0.083 , 0.058 , 0.073 , 0.071 , 0.058 , 0.084 , 0.058 , 0.081 , 0.058 , 0.079 , 0.065 , 0.061 , 0.08 , 0.058 , 0.084 , 0.057 , 0.069 , 0.074 , 0.056 , 0.082 , 0.062 , 0.064 , 0.076 , 0.061 , 0.077 , 0.057 , 0.079 
 0.181 , 0.178 , 0.152 , 0.151 , 0.501 , 0.594 , 0.54 , 0.637 , 0.499 , 0.498 , 0.442 , 0.44 , 0.418 , 0.493 , 0.605 , 0.476 , 0.489 , 0.204 , 0.154 , 0.162 , 0.091 , 0.091 , 0.087 , 0.074 , 0.073 , 0.074 , 0.066 , 0.068 , 0.067 , 0.067 , 0.067 , 0.079 , 0.1 , 0.096 , 0.093 , 0.106 , 0.545 , 0.35 , 0.289 , 0.287 , 0.286 , 0.286 , 0.366 , 0.219 , 0.175 , 0.156 , 0.181 , 0.183 
 0.67 , 0.08 , 0.135 , 0.073 , 0.087 , 0.022 , 0.026 , 0.021 , 0.022 , 0.018 , 0.017 , 0.021 , 0.021 , 0.021 , 0.022 , 0.184 , 0.066 , 0.417 , 0.328 , 0.19 , 0.104 , 0.456 , 0.214 , 0.096 , 0.096 , 0.095 , 0.169 , 0.095 , 0.173 , 0.216 , 0.063 , 0.03 , 0.025 , 0.022 , 0.018 , 0.018 , 0.022 , 0.022 , 0.022 , 0.022 , 0.022 , 0.021 , 0.022 , 0.018 , 0.02 , 0.023 , 0.023 , 0.023 
 0.208 , 0.153 , 0.124 , 0.268 , 0.192 , 0.179 , 0.219 , 0.26 , 0.252 , 0.26 , 0.262 , 0.248 , 0.282 , 0.247 , 0.354 , 0.62 , 0.26 , 0.283 , 0.303 , 0.163 , 0.096 , 0.111 , 0.085 , 0.08 , 0.103 , 0.09 , 0.067 , 0.068 , 0.07 , 0.061 , 0.057 , 0.073 , 0.065 , 0.054 , 0.258 , 0.183 , 0.164 , 0.225 , 0.298 , 0.179 , 0.16 , 0.15 , 0.166 , 0.304 , 0.19 , 0.183 , 0.215 , 0.208 
 0.176 , 0.136 , 0.182 , 0.134 , 0.18 , 0.133 , 0.704 , 0.303 , 0.24 , 0.15 , 0.176 , 0.153 , 0.292 , 0.235 , 0.596 , 0.903 , 0.828 , 1.244 , 0.505 , 0.716 , 0.286 , 0.211 , 0.206 , 0.174 , 0.212 , 0.177 , 0.198 , 0.141 , 0.143 , 0.146 , 0.138 , 0.153 , 0.132 , 0.128 , 0.119 , 0.119 , 0.12 , 0.135 , 0.179 , 0.151 , 0.146 , 0.154 , 0.173 , 0.141 , 0.177 , 0.126 , 0.29 , 0.251 
 0.258 , 0.091 , 0.043 , 0.109 , 0.262 , 0.211 , 0.034 , 0.008 , 0.005 , 0.039 , 0.003 , 0.005 , 0.041 , 0.174 , 0.143 , 0.186 , 0.029 , 0.058 , 0.084 , 0.067 , 0.068 , 0.046 , 0.046 , 0.033 , 0.048 , 0.049 , 0.045 , 0.076 , 0.075 , 0.012 , 0.011 , 0.033 , 0.018 , 0.012 , 0.053 , 0.025 , 0.005 , 0.06 , 0.009 , 0.021 , 0.05 , 0.02 , 0.021 , 0.05 , 0.031 , 0.026 , 0.043 , 0.14 
 0.215 , 0.141 , 0.112 , 0.493 , 0.247 , 0.303 , 0.408 , 0.174 , 0.163 , 0.167 , 0.324 , 0.52 , 0.229 , 0.193 , 0.295 , 0.327 , 0.264 , 0.356 , 0.298 , 0.241 , 0.219 , 0.224 , 0.234 , 0.205 , 0.187 , 0.109 , 0.095 , 0.098 , 0.112 , 0.109 , 0.088 , 0.115 , 0.108 , 0.07 , 0.113 , 0.09 , 0.134 , 0.141 , 0.093 , 0.363 , 0.399 , 0.281 , 0.565 , 0.526 , 0.232 , 0.08 , 0.09 , 0.07 
 0.086 , 0.157 , 0.303 , 0.101 , 0.14 , 0.127 , 0.117 , 0.106 , 0.126 , 0.129 , 0.098 , 0.113 , 0.149 , 0.351 , 0.204 , 0.108 , 0.095 , 0.076 , 0.069 , 0.118 , 0.109 , 0.088 , 0.072 , 0.112 , 0.18 , 0.161 , 0.059 , 0.042 , 0.042 , 0.023 , 0.033 , 0.07 , 0.054 , 0.033 , 0.023 , 0.043 , 0.041 , 0.035 , 0.073 , 0.098 , 0.082 , 0.07 , 0.094 , 0.104 , 0.131 , 0.062 , 0.166 , 0.171 
 0.525 , 0.323 , 0.259 , 0.202 , 0.169 , 0.15 , 0.174 , 0.179 , 0.149 , 0.176 , 0.595 , 0.226 , 0.143 , 0.192 , 0.149 , 0.159 , 0.159 , 0.184 , 0.143 , 0.16 , 0.596 , 0.453 , 0.354 , 0.383 , 0.321 , 0.408 , 0.352 , 0.063 , 0.046 , 0.1 , 0.047 , 0.064 , 0.092 , 0.061 , 0.048 , 0.101 , 0.048 , 0.058 , 0.074 , 0.07 , 0.092 , 0.204 , 0.708 , 0.602 , 0.859 , 0.802 , 0.726 , 0.918 
 0.117 , 0.133 , 0.152 , 0.098 , 0.085 , 0.048 , 0.089 , 0.131 , 0.15 , 0.14 , 0.118 , 0.117 , 0.112 , 0.113 , 0.162 , 0.21 , 0.156 , 0.173 , 0.178 , 0.179 , 0.136 , 0.037 , 0.029 , 0.022 , 0.036 , 0.039 , 0.036 , 0.025 , 0.037 , 0.041 , 0.024 , 0.037 , 0.035 , 0.022 , 0.035 , 0.038 , 0.022 , 0.034 , 0.021 , 0.038 , 0.027 , 0.028 , 0.04 , 0.024 , 0.06 , 0.164 , 0.104 , 0.125 
 0.28 , 0.22 , 0.488 , 0.554 , 0.482 , 0.097 , 0.124 , 0.369 , 0.583 , 0.614 , 0.612 , 0.583 , 0.593 , 0.868 , 0.717 , 0.733 , 0.608 , 0.445 , 0.226 , 0.155 , 0.082 , 0.072 , 0.14 , 0.151 , 0.089 , 0.071 , 0.068 , 0.031 , 0.031 , 0.056 , 0.074 , 0.122 , 0.111 , 0.042 , 0.073 , 0.07 , 0.068 , 0.069 , 0.089 , 0.117 , 0.193 , 0.502 , 1.1160001 , 0.636 , 0.266 , 0.062 , 0.461 , 0.702 
 0.271 , 0.242 , 0.197 , 0.258 , 0.21 , 0.185 , 0.089 , 0.067 , 0.074 , 0.069 , 0.075 , 0.159 , 0.158 , 0.155 , 0.151 , 0.151 , 0.149 , 0.099 , 0.069 , 0.075 , 0.066 , 0.074 , 0.062 , 0.126 , 0.279 , 0.162 , 0.197 , 0.207 , 0.184 , 0.133 , 0.083 , 0.07 , 0.079 , 0.074 , 0.071 , 0.104 , 0.237 , 0.187 , 0.185 , 0.185 , 0.185 , 0.181 , 0.178 , 0.207 , 0.121 , 0.108 , 0.19 , 0.108 
 0.21 , 0.191 , 0.138 , 0.136 , 0.274 , 0.286 , 0.173 , 0.228 , 0.575 , 1.263 , 0.804 , 0.532 , 0.807 , 0.651 , 1 , 0.584 , 0.44 , 0.482 , 0.413 , 0.168 , 0.095 , 0.128 , 0.116 , 0.125 , 0.108 , 0.107 , 0.133 , 0.085 , 0.078 , 0.044 , 0.045 , 0.069 , 0.153 , 0.141 , 0.069 , 0.452 , 1.692 , 0.366 , 0.155 , 0.14 , 0.133 , 0.118 , 0.09 , 0.19 , 0.538 , 0.181 , 0.6 , 0.399 
 0.172 , 0.218 , 0.915 , 1.119 , 1.163 , 0.166 , 0.444 , 0.322 , 0.269 , 0.411 , 0.338 , 0.291 , 0.275 , 0.22 , 0.315 , 0.341 , 0.322 , 0.319 , 0.349 , 0.31 , 0.34 , 0.371 , 0.402 , 0.204 , 0.087 , 0.055 , 0.094 , 0.071 , 0.051 , 0.097 , 0.1 , 0.116 , 0.106 , 0.089 , 0.05 , 0.051 , 0.177 , 0.323 , 1.103 , 1.753 , 0.446 , 0.499 , 1.008 , 1.415 , 0.207 , 0.151 , 0.096 , 0.036 
 0.43 , 0.478 , 0.466 , 0.493 , 0.468 , 0.49 , 0.459 , 0.492 , 0.467 , 0.603 , 0.608 , 0.528 , 0.474 , 0.458 , 0.435 , 0.911 , 0.934 , 0.932 , 0.935 , 0.916 , 0.907 , 0.876 , 0.935 , 0.923 , 0.945 , 0.893 , 0.895 , 0.888 , 0.873 , 0.873 , 0.857 , 0.876 , 0.861 , 0.871 , 0.852 , 0.866 , 0.851 , 0.663 , 0.389 , 0.41 , 0.408 , 0.5 , 0.595 , 0.468 , 0.44 , 0.471 , 0.436 , 0.462 
 0.09 , 0.107 , 0.19 , 0.109 , 0.089 , 0.111 , 0.113 , 0.058 , 0.072 , 0.052 , 0.08 , 0.09 , 0.213 , 0.149 , 0.446 , 0.158 , 0.122 , 0.334 , 0.16 , 0.139 , 0.1 , 0.037 , 0.068 , 0.049 , 0.06 , 0.066 , 0.045 , 0.066 , 0.036 , 0.073 , 0.04 , 0.065 , 0.04 , 0.061 , 0.046 , 0.236 , 0.268 , 0.098 , 0.073 , 0.053 , 0.068 , 0.049 , 0.08 , 0.093 , 0.128 , 0.11 , 0.201 , 0.127 
 0.445 , 0.296 , 0.756 , 0.494 , 0.565 , 0.556 , 0.521 , 0.565 , 0.575 , 0.691 , 0.478 , 0.537 , 0.404 , 0.339 , 0.327 , 0.401 , 0.456 , 0.505 , 0.463 , 0.418 , 0.292 , 0.326 , 0.358 , 0.221 , 0.126 , 0.129 , 0.144 , 0.134 , 0.126 , 0.127 , 0.124 , 0.125 , 0.147 , 0.14 , 0.162 , 0.205 , 0.512 , 0.322 , 0.285 , 0.276 , 0.223 , 0.644 , 0.275 , 0.539 , 0.592 , 0.29 , 0.36 , 0.255 
 0 , 0.243 , 0.233 , 0.242 , 0.215 , 0.522 , 0.523 , 1.247 , 0.838 , 0.213 , 0.251 , 0.685 , 0.43 , 0.358 , 0.337 , 0.34 , 0.322 , 0.372 , 0.192 , 0.197 , 0.199 , 0.174 , 0.18 , 0.185 , 0.168 , 0.187 , 0.169 , 0.172 , 0.189 , 0.18 , 0.169 , 0.281 , 0.357 , 0.304 , 0.498 , 0.299 , 0.221 , 0.2 , 0.197 , 0.216 , 0.17 , 0.394 , 0.408 , 0.344 , 0.275 , 0.23 , 0.229 , 0.196 
 0 , 0.081 , 0.069 , 0.032 , 0.003 , 0.025 , 0.044 , 0.082 , 0.046 , 0.013 , 0.481 , 0.309 , 0.196 , 0.061 , 0.058 , 0.082 , 0.056 , 0.078 , 0.952 , 1.12 , 0.774 , 0.012 , 0.187 , 0.026 , 0 , 0 , 0 , 0 , 0.028 , 0.007 , 0 , 0 , 0 , 0 , 0.034 , 0 , 0 , 1.018 , 1.03 , 0.821 , 0.749 , 0.716 , 0.696 , 0.519 , 1.372 , 0.104 , 0.11 , 0.081 
 0 , 0.145 , 0.153 , 0.12 , 0.197 , 0.112 , 0.058 , 0.054 , 0.087 , 0.072 , 0.078 , 0.027 , 0.049 , 0.128 , 0.097 , 0.075 , 0.192 , 0.196 , 0.121 , 0.098 , 0.212 , 0.067 , 0.053 , 0.072 , 0.106 , 0.115 , 0.087 , 0.067 , 0.134 , 0.125 , 0.078 , 0.031 , 0.042 , 0.079 , 0.087 , 0.074 , 0.075 , 0.028 , 0.039 , 0.027 , 0.039 , 0.027 , 0.031 , 0.035 , 0.031 , 0.157 , 0.258 , 0.197 
 0.628 , 0.461 , 2.21 , 0.989 , 0.312 , 0.077 , 0.065 , 0.066 , 0.102 , 0.066 , 0.065 , 0.083 , 0.079 , 0.11 , 0.104 , 0.213 , 0.591 , 0.381 , 0.392 , 0.537 , 0.392 , 0.365 , 0.441 , 0.538 , 1.051 , 0.474 , 0.444 , 0.695 , 0.912 , 0.682 , 0.425 , 0.395 , 0.212 , 0.082 , 0.115 , 0.088 , 0.078 , 0.078 , 0.105 , 0.142 , 0.11 , 0.089 , 0.089 , 0.079 , 0.109 , 0.127 , 0.072 , 0.227 
 0.167 , 0.205 , 0.316 , 0.289 , 0.286 , 0.293 , 0.425 , 0.266 , 0.258 , 0.278 , 0.266 , 0.291 , 0.361 , 0.331 , 0.336 , 0.4 , 0.325 , 0.314 , 0.276 , 0.37 , 0.32 , 0.485 , 0.438 , 0.334 , 0.305 , 0.33 , 0.284 , 0.315 , 0.286 , 0.143 , 0.087 , 0.084 , 0.111 , 0.132 , 0.099 , 0.087 , 0.086 , 0.083 , 0.129 , 0.128 , 0.085 , 0.085 , 0.086 , 0.309 , 0.21 , 0.241 , 0.369 , 0.211 
 0.095 , 0.157 , 0.213 , 0.134 , 0.082 , 0.106 , 0.084 , 0.105 , 0.596 , 0.245 , 0.119 , 0.139 , 0.196 , 0.237 , 0.131 , 0.589 , 0.462 , 0.265 , 0.119 , 0.093 , 0.116 , 0.124 , 0.313 , 0.095 , 0.115 , 0.104 , 0.061 , 0.031 , 0.02 , 0.039 , 0.015 , 0.035 , 0.014 , 0.04 , 0.014 , 0.035 , 0.013 , 0.038 , 0.037 , 0.324 , 0.087 , 0.039 , 0.062 , 0.1 , 0.097 , 0.052 , 0.014 , 0.037 
 0.355 , 0.414 , 0.335 , 0.183 , 0.226 , 0.211 , 0.165 , 0.18 , 0.236 , 0.201 , 0.185 , 0.248 , 0.486 , 0.281 , 0.258 , 0.221 , 0.272 , 0.352 , 0.289 , 0.248 , 0.928 , 0.688 , 0.367 , 0.296 , 0.344 , 0.257 , 0.343 , 0.145 , 0.144 , 0.094 , 0.113 , 0.206 , 0.104 , 0.094 , 0.161 , 0.109 , 0.092 , 0.112 , 0.16 , 0.122 , 0.099 , 0.161 , 0.136 , 0.121 , 0.282 , 0.458 , 0.226 , 0.241 
 0.008 , 0.03 , 0.049 , 0.047 , 0.049 , 0.047 , 0.048 , 0.049 , 0.048 , 0.048 , 0.049 , 0.048 , 0.048 , 0.047 , 0.048 , 0.047 , 0.048 , 0.048 , 0.048 , 0.047 , 0.048 , 0.047 , 0.048 , 0.048 , 0.048 , 0.047 , 0.048 , 0.048 , 0.048 , 0.048 , 0.049 , 0.048 , 0.048 , 0.049 , 0.048 , 0.048 , 0.049 , 0.047 , 0.048 , 0.048 , 0.048 , 0.047 , 0.048 , 0.048 , 0.048 , 0.048 , 0.048 , 0.048 
 0.054 , 0.115 , 0.064 , 0.064 , 0.064 , 0.064 , 0.064 , 0.01 , 0 , 0 , 0 , 0 , 0 , 0.099 , 0.078 , 0.062 , 0.124 , 0.125 , 0.124 , 0.123 , 0.13 , 0.198 , 0.127 , 0.122 , 0.122 , 0.127 , 0.127 , 0.1 , 0.068 , 0.067 , 0.067 , 0.067 , 0.066 , 0.067 , 0.066 , 0.066 , 0.066 , 0.065 , 0.066 , 0.065 , 0.066 , 0.065 , 0.065 , 0.065 , 0.169 , 0.066 , 0.073 , 0.066 
 0.301 , 0.127 , 0.201 , 0.564 , 0.159 , 0.059 , 0.096 , 0.075 , 0.064 , 0.318 , 0.185 , 0.121 , 0.141 , 0.222 , 0.226 , 0.207 , 0.183 , 0.226 , 0.24 , 0.207 , 0.754 , 1.1440001 , 1.1619999 , 0.853 , 0.776 , 0.17 , 0.198 , 0.275 , 0.158 , 0.204 , 0.158 , 0.149 , 0.165 , 0.135 , 0.137 , 0.094 , 0.066 , 0.085 , 0.083 , 0.061 , 0.109 , 0.153 , 0.135 , 0.129 , 0.065 , 0.076 , 0.081 , 0.079 
 0.13 , 0.162 , 0.078 , 0.059 , 0.058 , 0.151 , 0.059 , 0.088 , 0.086 , 0.116 , 0.148 , 0.137 , 0.137 , 0.18 , 0.163 , 0.157 , 0.172 , 0.178 , 0.16 , 0.157 , 0.146 , 0.189 , 0.181 , 0.104 , 0.052 , 0.025 , 0.027 , 0.026 , 0.027 , 0.026 , 0.06 , 0.05 , 0.026 , 0.026 , 0.026 , 0.027 , 0.04 , 0.106 , 0.086 , 0.057 , 0.06 , 0.196 , 0.072 , 0.084 , 0.058 , 0.08 , 0.17 , 0.101 
 0.241 , 0.152 , 0.117 , 0.055 , 0.144 , 0.106 , 0.116 , 0.139 , 0.07 , 0.104 , 0.329 , 0.228 , 0.253 , 0.232 , 0.165 , 0.45 , 0.336 , 0.18 , 0.139 , 0.116 , 0.755 , 0.338 , 0.798 , 0.406 , 0.343 , 0.309 , 0.101 , 0.096 , 0.099 , 0.072 , 0.056 , 0.085 , 0.099 , 0.094 , 0.05 , 0.043 , 0.102 , 0.151 , 0.427 , 0.112 , 0.122 , 0.097 , 0.167 , 0.148 , 0.109 , 0.036 , 0.054 , 0.096 
 2.4070001 , 2.0999999 , 1.8380001 , 0.938 , 1.65 , 0.752 , 0.713 , 0.261 , 0.297 , 0.865 , 0.76 , 0.603 , 0.635 , 0.626 , 0.64 , 0.831 , 1.499 , 1.446 , 0.54 , 0.456 , 0.515 , 0.457 , 0.421 , 0.452 , 0.408 , 2.1589999 , 1.952 , 1.714 , 0.743 , 0.277 , 0.315 , 0.459 , 0.47 , 0.271 , 0.232 , 0.31 , 0.304 , 0.301 , 0.329 , 0.283 , 0.301 , 0.369 , 0.217 , 0.481 , 0.27 , 0.685 , 0.474 , 0.339 
 0.115 , 0.098 , 0.487 , 0.2 , 0.106 , 0.138 , 0.125 , 0.132 , 0.19 , 0.14 , 0.257 , 0.227 , 0.196 , 0.147 , 0.999 , 0.745 , 0.35 , 0.174 , 0.136 , 0.335 , 0.192 , 0.17 , 0.139 , 0.187 , 0.157 , 0.128 , 0.178 , 0.153 , 0.133 , 0.178 , 0.142 , 0.146 , 0.177 , 0.047 , 0.068 , 0.088 , 0.035 , 0.082 , 0.12 , 0.212 , 0.21 , 0.211 , 0.102 , 0.173 , 0.077 , 0.029 , 0.24 , 0.314 
 0.154 , 0.11 , 0.244 , 0.241 , 0.287 , 0.296 , 0.253 , 0.234 , 0.234 , 0.246 , 0.303 , 0.401 , 0.534 , 0.687 , 0.547 , 0.587 , 0.798 , 0.961 , 0.75 , 0.768 , 0.345 , 0.301 , 0.256 , 0.171 , 0.176 , 0.218 , 0.205 , 0.215 , 0.227 , 0.23 , 0.23 , 0.258 , 0.24 , 0.169 , 0.293 , 0.408 , 0.145 , 0.258 , 0.264 , 0.286 , 0.17 , 0.142 , 0.142 , 0.154 , 0.15 , 0.089 , 0.208 , 0.084 
 0.171 , 0.25 , 0.163 , 0.177 , 0.162 , 0.162 , 0.171 , 0.359 , 0.381 , 0.441 , 0.436 , 0.397 , 0.341 , 0.362 , 0.288 , 0.414 , 0.512 , 0.357 , 0.249 , 0.223 , 0.261 , 0.246 , 0.26 , 0.222 , 0.21 , 0.404 , 0.288 , 0.372 , 0.414 , 0.163 , 0.122 , 0.134 , 0.13 , 0.126 , 0.121 , 0.129 , 0.127 , 0.127 , 0.119 , 0.124 , 0.125 , 0.411 , 0.373 , 0.167 , 0.174 , 0.163 , 0.185 , 0.149 
 0.458 , 0.534 , 0.353 , 0.242 , 0.324 , 0.172 , 0.204 , 0.218 , 0.16 , 0.435 , 0.5 , 0.432 , 0.449 , 0.544 , 0.378 , 0.28 , 0.365 , 0.322 , 0.28 , 0.361 , 0.397 , 0.388 , 0.428 , 0.323 , 0.334 , 0.33 , 0.175 , 0.186 , 0.253 , 0.169 , 0.164 , 0.247 , 0.193 , 0.156 , 0.227 , 0.216 , 0.154 , 0.271 , 0.267 , 0.176 , 0.217 , 0.376 , 0.317 , 0.314 , 0.389 , 0.372 , 0.281 , 0.396 
 0.36 , 0.373 , 0.39 , 0.406 , 0.506 , 0.436 , 0.439 , 0.457 , 0.445 , 0.431 , 0.422 , 0.472 , 0.495 , 0.786 , 0.92 , 0.507 , 0.483 , 0.65 , 1.099 , 0.584 , 0.712 , 0.502 , 0.407 , 0.326 , 0.309 , 0.369 , 0.46 , 0.399 , 0.401 , 0.114 , 0.123 , 0.123 , 0.099 , 0.116 , 0.122 , 0.104 , 0.113 , 0.122 , 0.103 , 0.108 , 0.123 , 0.105 , 0.105 , 0.308 , 0.119 , 0.271 , 0.407 , 0.487 
 0.296 , 0.298 , 0.29 , 0.205 , 0.107 , 0.118 , 0.21 , 0.24 , 0.294 , 0.282 , 0.129 , 0.126 , 0.149 , 0.111 , 0.252 , 0.231 , 0.06 , 0.06 , 0.037 , 0.064 , 0.05 , 0.045 , 0.062 , 0.039 , 0.053 , 0.058 , 0.032 , 0.059 , 0.151 , 0.127 , 0.128 , 0.038 , 0.054 , 0.032 , 0.056 , 0.03 , 0.092 , 0.076 , 0.037 , 0.057 , 0.036 , 0.054 , 0.034 , 0.048 , 0.043 , 0.051 , 0.061 , 0.045 
 0.208 , 0.286 , 0.285 , 0.4 , 0.46 , 0.388 , 0.254 , 0.235 , 0.449 , 0.381 , 0.319 , 0.286 , 0.241 , 0.306 , 0.321 , 0.391 , 0.472 , 0.568 , 0.416 , 0.626 , 0.387 , 1.076 , 0.684 , 0.38 , 0.446 , 0.375 , 0.409 , 0.472 , 0.369 , 0.368 , 0.272 , 0.272 , 0.264 , 0.249 , 0.217 , 0.219 , 0.217 , 0.253 , 0.258 , 0.256 , 0.414 , 0.271 , 0.258 , 0.269 , 0.407 , 0.382 , 0.329 , 0.221 
 0.073 , 0.137 , 0.139 , 0.1 , 0.132 , 0.125 , 0.09 , 0.121 , 0.123 , 0.12 , 0.172 , 0.121 , 0.177 , 0.167 , 0.181 , 0.497 , 0.327 , 0.176 , 0.192 , 0.315 , 0.111 , 0.138 , 0.129 , 0.112 , 0.154 , 0.105 , 0.128 , 0.135 , 0.078 , 0.054 , 0.033 , 0.019 , 0.066 , 0.016 , 0.036 , 0.052 , 0.016 , 0.049 , 0.036 , 0.016 , 0.065 , 0.095 , 0.157 , 0.331 , 0.086 , 0.254 , 0.16 , 0.129 
 0.159 , 0.339 , 0.177 , 0.258 , 0.182 , 0.201 , 0.171 , 0.12 , 0.047 , 0.067 , 0.169 , 0.175 , 0.87 , 0.86 , 0.368 , 0.378 , 0.445 , 0.402 , 0.339 , 0.359 , 0.401 , 0.365 , 0.438 , 0.468 , 0.132 , 0.079 , 0.076 , 0.08 , 0.074 , 0.062 , 0.057 , 0.042 , 0.067 , 0.094 , 0.062 , 0.094 , 0.065 , 0.066 , 0.054 , 0.052 , 0.204 , 0.862 , 0.679 , 0.047 , 0.539 , 0.442 , 0.133 , 0.166 
 0.131 , 0.145 , 0.091 , 0.111 , 0.692 , 0.246 , 0.114 , 0.089 , 0.098 , 0.104 , 0.084 , 0.094 , 0.088 , 0.078 , 0.19 , 0.182 , 0.171 , 0.325 , 0.344 , 0.957 , 0.761 , 0.329 , 0.306 , 0.406 , 0.336 , 0.329 , 0.346 , 0.323 , 0.353 , 0.845 , 0.663 , 0.271 , 0.718 , 0.635 , 0.705 , 0.66 , 0.671 , 0.615 , 0.592 , 0.655 , 0.543 , 0.214 , 0.215 , 0.565 , 0.542 , 0.342 , 0.189 , 0.175 
 0.077 , 0.125 , 0.218 , 0.156 , 0.157 , 0.188 , 0.501 , 0.148 , 0.307 , 0.438 , 0.586 , 0.261 , 0.374 , 0.261 , 0.281 , 0.249 , 0.29 , 0.236 , 0.288 , 1.526 , 1.659 , 0.487 , 0.513 , 0.442 , 0.388 , 0.325 , 0.389 , 0.417 , 0.29 , 0.174 , 0.134 , 0.167 , 0.145 , 0.121 , 0.123 , 0.158 , 0.127 , 0.147 , 0.309 , 0.412 , 0.16 , 0.115 , 0.119 , 0.184 , 0.162 , 0.144 , 0.55 , 0.252 
 0.239 , 0.283 , 0.373 , 0.268 , 0.275 , 0.487 , 0.445 , 0.482 , 0.488 , 0.426 , 0.365 , 0.333 , 0.322 , 0.403 , 0.364 , 0.39 , 0.39 , 0.307 , 0.307 , 0.239 , 0.275 , 0.198 , 0.17 , 0.163 , 0.19 , 0.224 , 0.224 , 0.246 , 0.122 , 0.064 , 0.055 , 0.053 , 0.053 , 0.051 , 0.042 , 0.087 , 0.127 , 0.172 , 0.32 , 0.134 , 0.132 , 0.301 , 0.397 , 0.225 , 0.18 , 0.224 , 0.236 , 0.235 
 0.057 , 0.01 , 0.01 , 0.01 , 0.01 , 0.009 , 0.01 , 0.01 , 0.129 , 0.151 , 0.13 , 0.074 , 0.074 , 0.073 , 0.073 , 0.073 , 0.151 , 0.046 , 0.01 , 0.009 , 0.01 , 0.009 , 0.01 , 0.01 , 0.009 , 0.01 , 0.01 , 0.009 , 0.01 , 0.01 , 0.009 , 0.01 , 0.009 , 0.01 , 0.009 , 0.01 , 0.009 , 0.01 , 0.009 , 0.01 , 0.009 , 0.01 , 0.01 , 0.009 , 0.01 , 0.009 , 0.01 , 0.009 
 0.054 , 0.178 , 0.113 , 0.068 , 0.061 , 0.07 , 0.07 , 0.074 , 0.075 , 0.076 , 0.075 , 0.073 , 0.074 , 0.073 , 0.073 , 0.075 , 0.072 , 0.072 , 0.099 , 0.116 , 0.115 , 0.098 , 0.109 , 0.11 , 0.182 , 0.023 , 0.021 , 0.018 , 0.019 , 0.018 , 0.018 , 0.018 , 0.019 , 0.018 , 0.018 , 0.019 , 0.018 , 0.018 , 0.018 , 0.017 , 0.017 , 0.018 , 0.017 , 0.018 , 0.029 , 0.058 , 0.052 , 0.057 
 0.811 , 0.321 , 0.362 , 0.257 , 0.457 , 0.323 , 0.115 , 0.085 , 0.095 , 0.086 , 0.086 , 0.088 , 0.077 , 0.299 , 0.382 , 0.386 , 0.387 , 0.367 , 0.348 , 0.331 , 0.384 , 0.429 , 0.426 , 0.451 , 0.513 , 0.9 , 0.47 , 0.946 , 0.483 , 0.445 , 0.57 , 0.308 , 0.136 , 0.088 , 0.103 , 0.09 , 0.106 , 0.092 , 0.101 , 0.117 , 0.093 , 0.057 , 0.074 , 0.076 , 0.165 , 0.218 , 0.201 , 0.217 
 0 , 0.029 , 0.021 , 0.028 , 0.029 , 0.019 , 0.028 , 0.021 , 0.024 , 0.027 , 0.028 , 0.02 , 0.035 , 0.038 , 0.046 , 0.038 , 0.018 , 0 , 0.016 , 0.007 , 0.007 , 0.01 , 0.071 , 0.103 , 0.092 , 0.017 , 0.023 , 0.015 , 0.022 , 0.02 , 0.022 , 0.023 , 0.014 , 0.017 , 0.007 , 0.015 , 0.006 , 0.015 , 0.009 , 0.026 , 0.014 , 0.007 , 0.015 , 0.006 , 0.015 , 0.035 , 0.049 , 0.073 
 0.124 , 0.168 , 0.274 , 0.31 , 0.106 , 0.113 , 0.129 , 0.12 , 0.12 , 0.126 , 0.109 , 0.163 , 0.275 , 0.243 , 0.18 , 0.216 , 0.236 , 0.262 , 0.257 , 0.285 , 0.235 , 0.27 , 0.232 , 0.2 , 0.03 , 0.049 , 0.032 , 0.053 , 0.022 , 0.047 , 0.026 , 0.059 , 0.063 , 0.17 , 0.077 , 0.058 , 0.037 , 0.042 , 0.039 , 0.036 , 0.052 , 0.029 , 0.044 , 0.028 , 0.045 , 0.113 , 0.671 , 0.125 
 1.2970001 , 1.358 , 0.173 , 0.972 , 0.536 , 0.96 , 0.265 , 1.4 , 0.906 , 0.564 , 1.3279999 , 1.2819999 , 0.692 , 0.377 , 0.328 , 0.308 , 0.816 , 0.272 , 0.266 , 0.254 , 0.765 , 0.713 , 0.431 , 0.473 , 0.458 , 0.389 , 0.55 , 0.362 , 0.341 , 0.349 , 0.183 , 0.202 , 0.172 , 0.163 , 0.18 , 0.146 , 0.162 , 0.25 , 0.145 , 0.129 , 0.166 , 0.308 , 0.177 , 0.109 , 0.117 , 0.106 , 0.116 , 0.108 
 0.145 , 0.131 , 0.11 , 0.092 , 0.121 , 0.088 , 0.091 , 0.116 , 0.134 , 0.125 , 0.187 , 0.166 , 0.21 , 0.174 , 0.199 , 0.189 , 0.181 , 0.204 , 0.182 , 0.189 , 0.196 , 0.182 , 0.214 , 0.192 , 0.193 , 0.21 , 0.18 , 0.138 , 0.121 , 0.078 , 0.094 , 0.069 , 0.068 , 0.093 , 0.065 , 0.097 , 0.117 , 0.12 , 0.153 , 0.204 , 0.176 , 0.218 , 0.191 , 0.188 , 0.216 , 0.181 , 0.186 , 0.202 
 0.279 , 0.174 , 0.218 , 0.195 , 0.2 , 0.182 , 0.192 , 0.184 , 0.202 , 0.188 , 0.188 , 0.186 , 0.177 , 0.201 , 0.343 , 0.329 , 0.228 , 0.324 , 0.272 , 0.295 , 0.586 , 0.31 , 0.257 , 0.233 , 0.25 , 0.244 , 0.239 , 0.214 , 0.175 , 0.187 , 0.19 , 0.189 , 0.179 , 0.202 , 0.166 , 0.255 , 0.194 , 0.191 , 0.205 , 0.214 , 0.219 , 0.22 , 0.315 , 0.183 , 0.326 , 0.222 , 0.171 , 0.333 
 0.305 , 0.269 , 0.154 , 0.133 , 0.094 , 0.092 , 0.12 , 0.117 , 0.18 , 0.338 , 0.261 , 0.148 , 0.186 , 0.202 , 0.265 , 0.306 , 0.248 , 0.273 , 1.413 , 0.754 , 0.387 , 0.251 , 0.249 , 0.343 , 0.32 , 0.313 , 0.239 , 0.078 , 0.046 , 0.069 , 0.071 , 0.047 , 0.071 , 0.089 , 0.083 , 0.071 , 0.072 , 0.055 , 0.071 , 0.057 , 0.058 , 0.086 , 0.085 , 0.068 , 0.066 , 0.052 , 0.1 , 0.183 
 0.5 , 0.671 , 0.743 , 0.377 , 0.663 , 0.458 , 0.468 , 0.408 , 0.638 , 0.505 , 0.371 , 0.58 , 1.123 , 0.35 , 0.52 , 0.568 , 0.632 , 0.602 , 0.563 , 0.231 , 0.192 , 0.212 , 0.218 , 0.201 , 0.211 , 0.206 , 0.261 , 0.294 , 0.379 , 0.361 , 0.489 , 0.398 , 0.523 , 0.466 , 0.252 , 0.21 , 0.241 , 0.223 , 0.257 , 0.204 , 0.252 , 0.252 , 0.214 , 0.29 , 0.256 , 0.231 , 0.307 , 0.222 
 0.295 , 0.886 , 0.347 , 0.324 , 0.252 , 0.256 , 0.252 , 0.249 , 0.259 , 0.217 , 0.23 , 0.242 , 0.296 , 0.449 , 0.362 , 1.017 , 0.42 , 0.429 , 0.329 , 0.175 , 0.163 , 0.205 , 0.184 , 0.151 , 0.191 , 0.19 , 0.162 , 0.169 , 0.207 , 0.258 , 0.195 , 0.213 , 0.15 , 0.114 , 0.134 , 0.165 , 0.123 , 0.115 , 0.16 , 0.196 , 0.17 , 0.17 , 0.158 , 0.117 , 0.16 , 0.157 , 0.115 , 0.121 
 0.067 , 0.247 , 0.258 , 0.213 , 0.135 , 0.102 , 0.165 , 0.444 , 0.676 , 0.229 , 0.215 , 0.266 , 0.232 , 0.351 , 0.405 , 0.445 , 0.434 , 0.424 , 0.449 , 0.455 , 1.586 , 1.946 , 0.733 , 1.454 , 0.288 , 0.151 , 0.744 , 0.082 , 0.082 , 0.128 , 0.126 , 0.121 , 0.081 , 0.081 , 0.092 , 0.13 , 0.177 , 0.14 , 0.11 , 0.1 , 0.144 , 0.145 , 0.124 , 0.12 , 0.084 , 0.071 , 0.111 , 0.117 
 0.237 , 0.374 , 0.175 , 0.165 , 0.129 , 0.172 , 0.254 , 0.316 , 0.212 , 0.129 , 0.122 , 0.976 , 0.531 , 0.529 , 0.536 , 0.517 , 0.462 , 0.258 , 0.388 , 0.254 , 0.251 , 0.263 , 0.249 , 0.235 , 0.19 , 0.18 , 0.111 , 0.06 , 0.087 , 0.115 , 0.101 , 0.09 , 0.102 , 0.089 , 0.099 , 0.093 , 0.091 , 0.102 , 0.092 , 0.088 , 0.097 , 0.081 , 0.067 , 0.066 , 0.075 , 0.337 , 0.121 , 0.133 
 0.078 , 0.055 , 0.055 , 0.065 , 0.805 , 0.112 , 0.101 , 0.113 , 0.189 , 0.095 , 0.088 , 0.108 , 0.103 , 0.879 , 0.655 , 0.264 , 0.125 , 0.108 , 0.289 , 0.096 , 0.117 , 0.122 , 0.155 , 0.123 , 0.068 , 0.054 , 0.087 , 0.059 , 0.057 , 0.057 , 0.084 , 0.067 , 0.057 , 0.058 , 0.075 , 0.077 , 0.056 , 0.056 , 0.059 , 0.088 , 0.058 , 0.052 , 0.053 , 0.071 , 0.072 , 0.053 , 0.052 , 0.054 
 0.127 , 0.178 , 0.352 , 0.215 , 0.135 , 0.091 , 0.112 , 0.893 , 0.453 , 0.237 , 0.283 , 0.231 , 0.269 , 0.206 , 0.254 , 1.1059999 , 1.052 , 0.3 , 0.346 , 0.39 , 0.902 , 0.38 , 0.723 , 0.17 , 0.072 , 0.091 , 0.054 , 0.068 , 0.084 , 0.036 , 0.086 , 0.058 , 0.074 , 0.074 , 0.058 , 0.086 , 0.044 , 0.102 , 0.078 , 0.086 , 0.056 , 0.072 , 0.086 , 0.545 , 0.268 , 0.107 , 0.169 , 0.255 
 0.477 , 0.285 , 0.295 , 0.279 , 0.325 , 0.345 , 0.302 , 0.301 , 0.353 , 0.411 , 0.417 , 0.518 , 0.442 , 0.448 , 0.432 , 0.428 , 0.387 , 0.315 , 0.349 , 0.236 , 0.313 , 0.407 , 0.217 , 0.108 , 0.094 , 0.086 , 0.104 , 0.106 , 0.12 , 0.085 , 0.088 , 0.098 , 0.076 , 0.136 , 0.087 , 0.099 , 0.087 , 0.086 , 0.111 , 0.119 , 0.202 , 0.19 , 0.222 , 0.209 , 0.222 , 0.261 , 0.286 , 0.294 
 0.773 , 0.235 , 0.476 , 0.494 , 0.224 , 0.297 , 0.175 , 0.278 , 0.176 , 0.411 , 0.267 , 0.107 , 0.23 , 0.216 , 0.216 , 0.904 , 0.844 , 0.448 , 0.393 , 0.048 , 0.044 , 0.046 , 0.038 , 0.039 , 0.047 , 0.04 , 0.103 , 0.056 , 0.052 , 0.041 , 0.036 , 0.035 , 0.043 , 0.082 , 0.094 , 0.042 , 0.045 , 0.039 , 0.034 , 0.041 , 0.041 , 0.035 , 0.032 , 0.041 , 0.041 , 0.572 , 0.199 , 0.18 
 0.074 , 0.074 , 0.093 , 0.122 , 0.08 , 0.047 , 0.054 , 0.052 , 0.269 , 0.102 , 0.066 , 0.069 , 0.047 , 0.038 , 0.097 , 0.166 , 0.123 , 0.258 , 0.147 , 0.242 , 0.402 , 0.283 , 0.254 , 0.253 , 0.13 , 0.146 , 0.187 , 0.176 , 0.15 , 0.218 , 0.115 , 0.032 , 0.031 , 0.036 , 0.037 , 0.033 , 0.022 , 0.028 , 0.03 , 0.027 , 0.023 , 0.022 , 0.023 , 0.049 , 0.178 , 0.029 , 0.252 , 0.126 
 0.913 , 0.856 , 0.572 , 0.593 , 0.859 , 0.742 , 0.599 , 0.427 , 0.412 , 0.457 , 0.578 , 0.884 , 0.596 , 0.452 , 0.387 , 0.358 , 0.724 , 0.949 , 0.204 , 0.538 , 0.248 , 0.357 , 0.286 , 0.276 , 0.276 , 0.327 , 0.274 , 0.261 , 0.284 , 0.225 , 0.228 , 0.299 , 0.163 , 0.205 , 0.261 , 0.218 , 0.973 , 0.288 , 0.286 , 0.335 , 0.317 , 0.376 , 0.824 , 0.26 , 0.863 , 0.401 , 0.307 , 0.432 
 0.15 , 0.107 , 0.079 , 0.057 , 0.155 , 0.044 , 0.137 , 0.078 , 0.151 , 0.076 , 0.072 , 0.27 , 0.532 , 0.354 , 0.245 , 0.258 , 0.29 , 0.359 , 0.27 , 0.243 , 0.259 , 0.34 , 0.107 , 0.076 , 0.067 , 0.094 , 0.047 , 0.105 , 0.043 , 0.094 , 0.067 , 0.07 , 0.088 , 0.047 , 0.087 , 0.075 , 0.059 , 0.095 , 0.081 , 0.138 , 0.332 , 0.31 , 0.079 , 0.065 , 0.095 , 0.046 , 0.096 , 0.063 
 0.284 , 0.246 , 0.222 , 0.644 , 0.921 , 0.239 , 0.403 , 0.542 , 0.734 , 0.894 , 1.021 , 0.389 , 0.484 , 0.326 , 0.304 , 0.428 , 0.294 , 0.667 , 0.602 , 0.283 , 0.281 , 0.255 , 0.265 , 0.711 , 0.259 , 0.279 , 0.28 , 0.272 , 0.291 , 0.172 , 0.084 , 0.069 , 0.068 , 0.082 , 0.066 , 0.069 , 0.076 , 0.066 , 0.074 , 0.115 , 0.071 , 0.075 , 0.063 , 1.307 , 1.275 , 0.135 , 0.099 , 0.183 
 0.365 , 0.139 , 0.235 , 0.054 , 0.075 , 0.03 , 0.083 , 0.075 , 0.082 , 0.029 , 0.083 , 0.068 , 0.148 , 0.061 , 0.109 , 0.115 , 0.171 , 0.463 , 0.22 , 0.256 , 0.239 , 0.286 , 0.187 , 0.192 , 0.09 , 0.092 , 0.088 , 0.062 , 0.059 , 0.056 , 0.096 , 0.06 , 0.072 , 0.035 , 0.089 , 0.059 , 0.083 , 0.043 , 0.079 , 0.051 , 0.099 , 0.724 , 0.128 , 0.058 , 0.056 , 0.094 , 0.057 , 0.071 
 0.377 , 0.452 , 0.176 , 0.05 , 0.112 , 0.127 , 0.124 , 0.127 , 0.131 , 0.135 , 0.53 , 0.137 , 0.136 , 0.132 , 0.142 , 0.154 , 0.424 , 0.113 , 0.096 , 0.098 , 0.056 , 0.05 , 0.049 , 0.05 , 0.055 , 0.05 , 0.14 , 0.05 , 0.049 , 0.05 , 0.053 , 0.05 , 0.049 , 0.049 , 0.143 , 0.049 , 0.049 , 0.05 , 0.049 , 0.049 , 0.049 , 0.05 , 0.049 , 0.049 , 0.049 , 0.049 , 0.167 , 0.049 
 0.125 , 0.006 , 0 , 0 , 0 , 0 , 0 , 0 , 0 , 0 , 0 , 0 , 0 , 0 , 0 , 0 , 0 , 0 , 0 , 0 , 0 , 0 , 0 , 0 , 0 , 0 , 0 , 0 , 0 , 0 , 0 , 0 , 0 , 0 , 0 , 0 , 0 , 0 , 0 , 0 , 0 , 0 , 0 , 0 , 0 , 0 , 0 , 0 
 0.666 , 0.167 , 0.075 , 0.052 , 0.083 , 0.214 , 0.163 , 0.161 , 0.167 , 0.14 , 0.146 , 0.403 , 0.132 , 0.686 , 0.25 , 0.254 , 0.67 , 0.114 , 0.113 , 0.24 , 0.053 , 0.062 , 0.05 , 0.059 , 0.069 , 0.057 , 0.069 , 0.054 , 0.051 , 0.063 , 0.053 , 0.058 , 0.07 , 0.057 , 0.068 , 0.218 , 0.119 , 0.087 , 0.062 , 0.055 , 0.057 , 0.045 , 0.051 , 0.069 , 0.054 , 0.038 , 0.061 , 0.055 
 0.175 , 0.021 , 0.054 , 0.055 , 0.03 , 0.043 , 0.159 , 0.027 , 0.09 , 0.061 , 0.024 , 0.133 , 0.076 , 0.049 , 0.051 , 0.093 , 0.218 , 0.491 , 0.412 , 0.43 , 0.546 , 0.081 , 0.083 , 0.12 , 0.149 , 0.096 , 0.144 , 0.094 , 0.093 , 0.064 , 0.013 , 0.012 , 0.06 , 0.013 , 0.012 , 0.044 , 0.029 , 0.013 , 0.019 , 0.053 , 0.012 , 0.013 , 0.113 , 0.249 , 0.134 , 0.125 , 0.052 , 0.04 
 0.012 , 0.013 , 0.012 , 0.061 , 0.144 , 0.026 , 0.025 , 0.119 , 0.12 , 0.092 , 0.087 , 0.091 , 0.543 , 0.661 , 0.152 , 0.131 , 0.146 , 0.024 , 0.038 , 0.075 , 0.034 , 0.012 , 0.059 , 0.018 , 0.059 , 0.046 , 0.012 , 0.013 , 0.012 , 0.027 , 0.062 , 0.025 , 0.012 , 0.012 , 0.013 , 0.096 , 0.303 , 0.231 , 0.12 , 0.078 , 0.083 , 0.154 , 0.229 , 0.127 , 0.049 , 0.069 , 0.094 , 0.051 
 0.278 , 0.201 , 0.14 , 0.11 , 0.25 , 0.291 , 0.31 , 0.295 , 0.074 , 0.176 , 0.054 , 0.102 , 0.082 , 0.233 , 0.205 , 0.173 , 0.163 , 0.192 , 0.139 , 0.162 , 0.162 , 0.111 , 0.247 , 0.169 , 0.182 , 0.104 , 0.087 , 0.231 , 0.163 , 0.193 , 0.114 , 0.073 , 0.056 , 0.072 , 0.073 , 0.059 , 0.071 , 0.075 , 0.055 , 0.063 , 0.067 , 0.204 , 0.113 , 0.064 , 0.134 , 0.164 , 0.856 , 0.632 
 0.164 , 0.113 , 2.4130001 , 0.122 , 0.316 , 0.104 , 0.169 , 0.108 , 0.087 , 0.071 , 0.071 , 0.119 , 0.105 , 0.088 , 0.077 , 0.105 , 2.444 , 0.483 , 0.376 , 0.443 , 0.35 , 1.553 , 0.472 , 0.355 , 0.29 , 0.291 , 0.496 , 1.319 , 0.329 , 0.285 , 0.23 , 1.293 , 0.146 , 0.141 , 0.113 , 0.08 , 0.076 , 0.095 , 0.093 , 0.08 , 0.337 , 0.213 , 0.274 , 1.132 , 0.358 , 0.26 , 1.072 , 1.536 
 0.225 , 0.105 , 0.1 , 0.098 , 0.165 , 0.159 , 0.078 , 0.08 , 0.106 , 0.025 , 0.035 , 0.099 , 0.759 , 0.129 , 0.122 , 0.065 , 0.336 , 0.222 , 0.118 , 0.073 , 0.167 , 0.118 , 0.097 , 0.117 , 0.047 , 0.199 , 0.148 , 0.089 , 0.064 , 0.077 , 0.019 , 0.067 , 0.036 , 0.049 , 0.117 , 0.03 , 0.026 , 0.071 , 0.185 , 0.085 , 0.109 , 0.02 , 0.184 , 0.129 , 0.026 , 0.077 , 0.847 , 0.206 
 0.139 , 0.122 , 0.503 , 0.481 , 0.431 , 0.209 , 0.18 , 0.156 , 0.153 , 0.149 , 0.179 , 0.156 , 0.184 , 0.151 , 0.181 , 0.182 , 0.097 , 0.273 , 0.123 , 0.221 , 0.116 , 0.546 , 0.557 , 0.543 , 0.567 , 0.545 , 0.327 , 0.029 , 0.013 , 0.03 , 0.021 , 0.013 , 0.034 , 0.017 , 0.013 , 0.035 , 0.016 , 0.013 , 0.034 , 0.017 , 0.013 , 0.029 , 0.023 , 0.013 , 0.021 , 0.031 , 0.013 , 0.013 
 0.694 , 0.873 , 0.271 , 0.278 , 0.252 , 0.215 , 0.236 , 0.241 , 0.291 , 0.49 , 0.306 , 0.283 , 0.332 , 1.576 , 1.795 , 0.601 , 1.039 , 0.355 , 0.321 , 0.797 , 0.219 , 0.167 , 0.094 , 0.079 , 0.105 , 0.197 , 0.164 , 0.131 , 0.128 , 0.144 , 0.129 , 0.129 , 0.126 , 0.136 , 0.134 , 0.162 , 0.177 , 0.165 , 0.174 , 0.177 , 0.163 , 0.191 , 0.2 , 0.321 , 0.596 , 0.275 , 0.896 , 0.236 
 0.247 , 0.247 , 0.264 , 0.195 , 0.241 , 0.142 , 0.183 , 0.499 , 0.358 , 0.384 , 0.308 , 0.283 , 0.293 , 0.407 , 0.428 , 0.46 , 0.309 , 0.379 , 0.307 , 0.29 , 0.304 , 0.394 , 0.139 , 0.07 , 0.062 , 0.06 , 0.068 , 0.07 , 0.069 , 0.064 , 0.054 , 0.066 , 0.067 , 0.065 , 0.05 , 0.067 , 0.071 , 0.059 , 0.054 , 0.066 , 0.283 , 0.361 , 0.27 , 0.388 , 0.207 , 0.263 , 0.3 , 0.429 
 0.663 , 1.426 , 0.546 , 0.335 , 0.332 , 0.324 , 0.303 , 0.296 , 0.478 , 0.285 , 0.972 , 0.933 , 0.402 , 0.788 , 0.261 , 0.223 , 0.172 , 0.211 , 0.254 , 0.086 , 0.051 , 0.079 , 0.046 , 0.085 , 0.049 , 0.091 , 0.071 , 0.086 , 0.08 , 0.049 , 0.084 , 0.055 , 0.071 , 0.047 , 0.079 , 0.174 , 0.302 , 0.407 , 0.528 , 0.418 , 0.377 , 0.52 , 0.947 , 0.609 , 0.215 , 0.431 , 1.204 , 0.194 
 0.186 , 0.341 , 0.578 , 0.199 , 0.085 , 0.194 , 0.168 , 0.206 , 0.115 , 0.137 , 0.261 , 0.242 , 0.281 , 0.364 , 0.348 , 0.193 , 0.258 , 0.341 , 0.377 , 0.373 , 0.334 , 0.362 , 0.429 , 0.28 , 0.263 , 0.259 , 0.299 , 0.22 , 0.107 , 0.066 , 0.064 , 0.065 , 0.064 , 0.065 , 0.063 , 0.064 , 0.039 , 0.024 , 0.025 , 0.026 , 0.027 , 0.044 , 0.069 , 0.067 , 0.079 , 0.121 , 0.162 , 0.159 
 0.092 , 0.038 , 0.04 , 0.05 , 0.026 , 0.122 , 0.013 , 0.023 , 0.047 , 0.008 , 0.052 , 0.082 , 0.087 , 0.126 , 0.095 , 0.086 , 0.21 , 0.095 , 0.112 , 0.115 , 0.092 , 0.119 , 0.095 , 0.092 , 0.132 , 0.131 , 0.052 , 0.032 , 0.003 , 0.046 , 0.009 , 0.006 , 0.046 , 0.002 , 0.023 , 0.034 , 0.002 , 0.039 , 0.016 , 0.005 , 0.043 , 0.02 , 0.04 , 0.244 , 0.082 , 0.058 , 0.039 , 0.045 
 0.082 , 0.09 , 0.068 , 0.109 , 0.059 , 0.062 , 0.059 , 0.085 , 0.165 , 0.093 , 0.099 , 0.087 , 0.065 , 0.163 , 0.135 , 0.176 , 0.193 , 0.258 , 0.193 , 0.192 , 0.191 , 0.195 , 0.196 , 0.187 , 0.153 , 0.153 , 0.116 , 0.064 , 0.064 , 0.065 , 0.065 , 0.064 , 0.071 , 0.07 , 0.066 , 0.066 , 0.066 , 0.066 , 0.065 , 0.064 , 0.064 , 0.064 , 0.064 , 0.063 , 0.339 , 0.971 , 0.152 , 0.073 
 0.264 , 0.228 , 0.218 , 0.207 , 0.226 , 0.238 , 0.246 , 0.426 , 0.294 , 0.338 , 0.219 , 0.202 , 0.382 , 0.313 , 0.27 , 0.266 , 0.289 , 0.458 , 0.412 , 0.29 , 0.432 , 0.274 , 0.226 , 0.314 , 0.491 , 0.364 , 0.365 , 0.381 , 0.171 , 0.115 , 0.117 , 0.082 , 0.045 , 0.087 , 0.048 , 0.064 , 0.068 , 0.044 , 0.083 , 0.039 , 0.153 , 0.44 , 0.382 , 0.345 , 0.079 , 0.081 , 0.268 , 0.29 
 0.169 , 0.142 , 0.235 , 0.346 , 0.131 , 0.109 , 0.128 , 0.1 , 0.08 , 0.088 , 0.071 , 0.091 , 0.112 , 0.157 , 0.396 , 0.335 , 0.241 , 0.225 , 0.244 , 0.229 , 0.229 , 0.247 , 0.219 , 0.189 , 0.153 , 0.149 , 0.187 , 0.355 , 0.242 , 0.183 , 0.192 , 0.168 , 0.17 , 0.155 , 0.14 , 0.152 , 0.138 , 0.13 , 0.146 , 0.133 , 0.133 , 0.149 , 0.134 , 0.141 , 0.09 , 0.072 , 0.097 , 0.12 
 0 , 0 , 0.066 , 0.047 , 0.053 , 0.055 , 0.043 , 0.043 , 0.023 , 0.037 , 0.204 , 0.297 , 0.171 , 1.064 , 0.28 , 0.175 , 0.246 , 0.246 , 0.25 , 0.249 , 0.256 , 0.242 , 0.253 , 0.261 , 0.204 , 0.096 , 0.111 , 0.065 , 0.046 , 0.042 , 0.046 , 0.052 , 0.053 , 0.048 , 0.046 , 0.048 , 0.059 , 0.044 , 0.04 , 0.051 , 0.216 , 0.348 , 0.363 , 0.181 , 0.179 , 0.234 , 0.218 , 0.075 
 0 , 0.081 , 0.175 , 0.059 , 0.104 , 0.09 , 0.086 , 0.163 , 0.072 , 0.13 , 0.124 , 0.179 , 0.168 , 0.152 , 0.682 , 0.768 , 0.199 , 0.198 , 0.251 , 0.353 , 0.38 , 0.247 , 0.296 , 0.275 , 0.231 , 0.134 , 0.084 , 0.061 , 0.044 , 0.041 , 0.04 , 0.042 , 0.041 , 0.097 , 0.089 , 0.087 , 0.085 , 0.085 , 0.087 , 0.085 , 0.085 , 0.282 , 0.195 , 0.134 , 0.024 , 0.025 , 0.077 , 0.073 
 0.15 , 0.121 , 0.185 , 0.196 , 0.153 , 0.132 , 0.106 , 0.138 , 0.096 , 0.093 , 0.098 , 0.086 , 0.106 , 0.073 , 0.108 , 0.073 , 0.148 , 0.2 , 0.197 , 0.297 , 0.431 , 0.23 , 0.247 , 0.164 , 0.214 , 0.201 , 0.273 , 0.238 , 0.127 , 0.149 , 0.098 , 0.084 , 0.098 , 0.06 , 0.104 , 0.064 , 0.097 , 0.067 , 0.087 , 0.08 , 0.083 , 0.084 , 0.07 , 0.08 , 0.074 , 0.282 , 0.067 , 0.101 
 0.938 , 1.141 , 0.557 , 1.395 , 0.31 , 0.35 , 0.391 , 0.293 , 0.306 , 1.6849999 , 0.85 , 0.669 , 0.406 , 0.395 , 0.732 , 0.391 , 0.379 , 0.555 , 0.418 , 0.65 , 0.399 , 0.491 , 0.32 , 0.346 , 0.187 , 0.031 , 0.048 , 0.046 , 0.045 , 0.045 , 0.013 , 0.008 , 0.022 , 0.048 , 0.046 , 0.037 , 0.007 , 0.082 , 0.245 , 0.25 , 0.258 , 1.1160001 , 0.928 , 0.508 , 0.777 , 0.38 , 0.25 , 0.573 
 0.134 , 0.099 , 0.146 , 0.138 , 0.108 , 0.082 , 0.084 , 0.097 , 0.15 , 0.146 , 0.548 , 0.504 , 0.164 , 0.104 , 0.161 , 0.455 , 0.296 , 0.1 , 0.097 , 0.1 , 0.142 , 0.152 , 0.147 , 0.075 , 0.016 , 0.016 , 0.045 , 0.07 , 0.066 , 0.021 , 0.016 , 0.016 , 0.043 , 0.074 , 0.067 , 0.08 , 0.095 , 0.11 , 0.111 , 0.141 , 0.139 , 0.111 , 0.085 , 0.087 , 0.107 , 0.141 , 0.133 , 0.096 
 1.08 , 1.096 , 0.716 , 0.979 , 0.793 , 0.253 , 0.319 , 1.079 , 0.33 , 0.272 , 0.321 , 0.297 , 0.22 , 0.363 , 0.427 , 0.337 , 0.258 , 0.379 , 0.328 , 0.361 , 0.435 , 0.496 , 0.259 , 0.234 , 0.355 , 0.288 , 0.232 , 0.273 , 0.244 , 0.226 , 0.264 , 0.336 , 0.332 , 0.307 , 0.309 , 0.223 , 0.207 , 0.326 , 0.183 , 0.132 , 0.154 , 0.201 , 0.65 , 0.235 , 0.245 , 0.156 , 0.112 , 0.132 
 0.07 , 0.179 , 0.194 , 0.191 , 0.192 , 0.191 , 0.204 , 0.284 , 0.135 , 0.147 , 0.147 , 0.139 , 0.127 , 0.147 , 0.145 , 0.136 , 0.12 , 0.082 , 0.04 , 0.038 , 0.026 , 0.042 , 0.044 , 0.03 , 0.036 , 0.039 , 0.046 , 0.028 , 0.034 , 0.038 , 0.046 , 0.029 , 0.243 , 0.059 , 0.038 , 0.037 , 0.024 , 0.045 , 0.037 , 0.041 , 0.024 , 0.041 , 0.038 , 0.034 , 0.032 , 0.032 , 0.044 , 0.036 
 0.531 , 0.118 , 0.042 , 0.085 , 0.038 , 0.076 , 0.207 , 0.65 , 0.222 , 0.188 , 0.437 , 0.286 , 0.648 , 0.594 , 0.598 , 0.546 , 0.962 , 0.957 , 0.905 , 0.807 , 0.677 , 0.782 , 1.426 , 1.066 , 0.839 , 0.532 , 0.428 , 0.553 , 0.414 , 0.243 , 0.097 , 0.138 , 0.08 , 0.129 , 0.081 , 0.094 , 0.101 , 0.086 , 0.112 , 0.111 , 0.098 , 0.095 , 0.092 , 0.126 , 0.072 , 0.096 , 0.255 , 0.283 
 0.859 , 0.852 , 0.797 , 0.303 , 0.156 , 0.141 , 0.102 , 0.263 , 0.323 , 0.074 , 0.056 , 0.023 , 0.05 , 0.039 , 0.022 , 0.05 , 0.036 , 0.03 , 0.047 , 0.024 , 0.095 , 0.102 , 0.036 , 0.054 , 0.036 , 0.028 , 0.06 , 0.045 , 0.023 , 0.049 , 0.043 , 0.023 , 0.046 , 0.044 , 0.023 , 0.046 , 0.054 , 0.12 , 0.601 , 1.914 , 1.976 , 1.7539999 , 1.944 , 2.3180001 , 1.722 , 1.5930001 , 1.4069999 , 1.598 
 0.29 , 0.08 , 0.075 , 0.083 , 0.112 , 0.106 , 0.106 , 0.078 , 0.255 , 0.107 , 0.104 , 0.16 , 0.168 , 0.151 , 0.228 , 0.21 , 0.146 , 0.15 , 0.146 , 0.147 , 0.156 , 0.146 , 0.152 , 0.148 , 0.152 , 0.125 , 0.078 , 0.076 , 0.077 , 0.073 , 0.078 , 0.072 , 0.078 , 0.073 , 0.081 , 0.073 , 0.075 , 0.072 , 0.069 , 0.092 , 0.108 , 0.106 , 0.1 , 0.241 , 0.07 , 0.079 , 0.075 , 0.092 
 0.055 , 0.029 , 0.15 , 0.052 , 0.047 , 0.049 , 0.359 , 0.098 , 0.024 , 0.346 , 0.133 , 0.137 , 0.156 , 0.125 , 0.12 , 0.276 , 0.179 , 0.137 , 0.127 , 0.143 , 0.12 , 0.141 , 0.125 , 0.139 , 0.121 , 0.118 , 0.118 , 0.09 , 0.119 , 0.1 , 0.119 , 0.107 , 0.101 , 0.114 , 0.083 , 0.103 , 0.086 , 0.094 , 0.101 , 0.611 , 0.263 , 0.251 , 0.311 , 0.169 , 0.139 , 0.166 , 0.14 , 0.162 
 0.106 , 0.159 , 0.277 , 0.154 , 0.069 , 0.063 , 0.065 , 0.062 , 0.062 , 0.061 , 0.063 , 0.063 , 0.119 , 0.404 , 0.537 , 0.559 , 0.541 , 0.667 , 0.669 , 0.589 , 0.497 , 0.442 , 0.454 , 0.456 , 0.514 , 0.511 , 0.517 , 0.472 , 0.353 , 0.42 , 0.139 , 0.098 , 0.099 , 0.064 , 0.055 , 0.054 , 0.054 , 0.053 , 0.063 , 0.053 , 0.052 , 0.053 , 0.051 , 0.054 , 0.05 , 0.166 , 0.317 , 0.13 
 0.19 , 0.767 , 0.271 , 0.081 , 0.131 , 0.096 , 0.048 , 0.061 , 0.154 , 0.283 , 0.178 , 0.204 , 0.16 , 0.215 , 0.159 , 0.132 , 0.185 , 0.117 , 0.172 , 0.652 , 0.599 , 0.263 , 0.257 , 0.276 , 0.249 , 0.209 , 0.173 , 0.077 , 0.078 , 0.074 , 0.051 , 0.106 , 0.096 , 0.042 , 0.072 , 0.103 , 0.078 , 0.042 , 0.07 , 0.084 , 0.042 , 0.074 , 0.212 , 1.027 , 1.344 , 0.308 , 0.573 , 0.107 
 0.83 , 1.358 , 1.175 , 1.077 , 1.451 , 1.936 , 0.79 , 0.272 , 0.265 , 0.229 , 0.252 , 0.267 , 0.215 , 0.242 , 0.233 , 0.514 , 1.016 , 0.594 , 0.296 , 0.356 , 0.305 , 0.439 , 0.544 , 0.34 , 0.289 , 0.225 , 0.22 , 0.201 , 0.192 , 0.106 , 0.086 , 0.094 , 0.083 , 0.093 , 0.083 , 0.09 , 0.086 , 0.084 , 0.085 , 0.088 , 1.777 , 2.178 , 0.902 , 0.259 , 0.223 , 0.187 , 0.146 , 0.193 
 0.45 , 0.624 , 0.091 , 0.056 , 0.115 , 0.148 , 0.146 , 0.109 , 0.08 , 0.142 , 0.126 , 0.088 , 0.073 , 0.131 , 0.989 , 0.844 , 0.534 , 0.236 , 0.3 , 0.288 , 0.17 , 0.249 , 0.147 , 0.127 , 0.087 , 0.053 , 0.046 , 0.046 , 0.045 , 0.046 , 0.053 , 0.052 , 0.049 , 0.044 , 0.05 , 0.044 , 0.052 , 0.052 , 0.044 , 0.042 , 0.042 , 0.123 , 0.189 , 0.227 , 0.312 , 0.302 , 0.2 , 0.626 
 0.075 , 0.04 , 0.077 , 0.036 , 0.08 , 0.036 , 0.076 , 0.041 , 0.07 , 0.061 , 0.068 , 0.054 , 0.051 , 0.064 , 0.045 , 0.135 , 0.065 , 0.176 , 0.203 , 0.12 , 0.168 , 0.063 , 0.18 , 0.18 , 0.311 , 0.149 , 0.335 , 0.098 , 0.093 , 0.065 , 0.192 , 0.101 , 0.082 , 0.062 , 0.09 , 0.168 , 0.09 , 0.06 , 0.742 , 0.221 , 0.153 , 0.292 , 0.245 , 0.281 , 0.193 , 0.164 , 0.113 , 0.12 
 0.06 , 0.089 , 0.068 , 0.035 , 0.036 , 0.104 , 0.091 , 0.084 , 0.091 , 0.28 , 0.152 , 0.147 , 0.157 , 0.155 , 0.166 , 0.211 , 0.141 , 0.317 , 0.165 , 0.17 , 0.195 , 0.146 , 0.176 , 0.148 , 0.132 , 0.082 , 0.053 , 0.073 , 0.109 , 0.121 , 0.074 , 0.12 , 0.094 , 0.078 , 0.062 , 0.074 , 0.069 , 0.039 , 0.037 , 0.037 , 0.038 , 0.215 , 0.29 , 1.117 , 0.222 , 0.112 , 0.084 , 0.083 
 0.237 , 0.118 , 0.038 , 0.032 , 0.046 , 0.03 , 0.048 , 0.243 , 1.303 , 0.823 , 0.761 , 0.486 , 0.919 , 0.35 , 0.289 , 0.264 , 0.307 , 0.326 , 0.422 , 0.638 , 0.145 , 0.105 , 0.08 , 0.068 , 0.043 , 0.041 , 0.044 , 0.034 , 0.054 , 0.032 , 0.032 , 0.051 , 0.031 , 0.046 , 0.037 , 0.033 , 0.051 , 0.049 , 0.077 , 0.098 , 0.133 , 0.244 , 0.355 , 0.34 , 0.381 , 0.217 , 0.208 , 0.147 
 0.16 , 0.713 , 0.214 , 0.127 , 0.209 , 0.215 , 0.086 , 0.096 , 0.207 , 0.053 , 0.069 , 0.108 , 0.216 , 0.054 , 0.148 , 0.327 , 0.22 , 0.114 , 0.062 , 0.063 , 0.138 , 0.072 , 0.245 , 0.185 , 0.105 , 0.076 , 0.064 , 0.005 , 0 , 0.061 , 0.009 , 0 , 0.051 , 0.037 , 0 , 0.04 , 0.025 , 0 , 0.03 , 0.042 , 0 , 0.186 , 0.26 , 0.051 , 0.015 , 0.066 , 0.001 , 0 
 0.091 , 0.046 , 0.007 , 0.029 , 0.029 , 0.007 , 0.029 , 0.029 , 0.008 , 0.028 , 0.028 , 0.016 , 0.02 , 0.077 , 0.031 , 0.005 , 0.029 , 0.051 , 0.016 , 0.02 , 0.214 , 0.113 , 0.106 , 0.156 , 0.101 , 0.044 , 0.041 , 0.03 , 0.031 , 0.007 , 0.03 , 0.033 , 0.008 , 0.029 , 0.032 , 0.018 , 0.018 , 0.033 , 0.022 , 0.014 , 0.044 , 0.028 , 0.014 , 0.135 , 0.116 , 0.032 , 0.043 , 0.051 
 0.096 , 0.072 , 0.06 , 0.093 , 0.05 , 0.084 , 0.079 , 0.065 , 0.213 , 0.143 , 0.151 , 0.115 , 0.104 , 0.202 , 0.082 , 0.106 , 0.07 , 0.087 , 0.086 , 0.054 , 0.049 , 0.014 , 0.011 , 0.049 , 0.018 , 0.002 , 0.05 , 0.009 , 0.011 , 0.044 , 0 , 0.027 , 0.156 , 0.014 , 0.054 , 0.033 , 0.058 , 0.102 , 0.18 , 0.128 , 0.094 , 0.1 , 0.067 , 0.046 , 0.084 , 0.159 , 0.096 , 0.035 
 0.22 , 0.115 , 0.102 , 0.14 , 0.147 , 0.317 , 0.492 , 0.474 , 0.451 , 0.398 , 0.415 , 0.4 , 0.427 , 0.465 , 0.464 , 0.496 , 0.68 , 0.461 , 0.456 , 0.423 , 0.502 , 0.43 , 0.343 , 0.178 , 0.173 , 0.238 , 0.178 , 0.254 , 0.244 , 0.215 , 0.203 , 0.183 , 0.195 , 0.201 , 0.198 , 0.156 , 0.12 , 0.114 , 0.062 , 0.045 , 0.045 , 0.159 , 0.094 , 0.175 , 0.397 , 0.295 , 0.211 , 0.188 
 2.352 , 1.457 , 2.654 , 1.868 , 1.693 , 1.1799999 , 2.326 , 1.918 , 1.7410001 , 3.0309999 , 1.579 , 1.592 , 1.575 , 1.934 , 1.443 , 1.668 , 1.188 , 0.788 , 0.715 , 0.64 , 0.254 , 0.232 , 0.224 , 0.225 , 0.211 , 0.21 , 0.225 , 0.223 , 0.206 , 0.19 , 0.193 , 0.208 , 0.185 , 0.309 , 0.839 , 1.219 , 1.378 , 1.501 , 1.717 , 1.652 , 1.7970001 , 1.55 , 1.399 , 1.424 , 1.4400001 , 1.271 , 1.3380001 , 1.342 
 0.617 , 0.448 , 0.361 , 0.318 , 0.315 , 0.392 , 0.35 , 0.354 , 0.263 , 0.345 , 0.384 , 0.357 , 0.929 , 1.067 , 0.95 , 1.591 , 0.9 , 0.596 , 0.627 , 0.656 , 0.664 , 0.638 , 0.659 , 1.308 , 1.572 , 1.141 , 0.72 , 0.646 , 0.672 , 0.618 , 0.728 , 0.677 , 0.639 , 0.625 , 0.992 , 1.358 , 1.307 , 1.397 , 1.143 , 1.072 , 1.931 , 3.4000001 , 1.3 , 1.295 , 1.0420001 , 1.05 , 0.994 , 0.898 
